,Estimated prevalence of TB (all forms) per 100 000 population,Estimated prevalence of TB (all forms) per 100 000 population,Estimated prevalence of TB (all forms) per 100 000 population,Estimated prevalence of TB (all forms) per 100 000 population,Estimated prevalence of TB (all forms) per 100 000 population,Estimated prevalence of TB (all forms) per 100 000 population,Estimated prevalence of TB (all forms) per 100 000 population,Estimated prevalence of TB (all forms) per 100 000 population,"Estimated prevalence of TB (all forms) per 100 000 population, low bound","Estimated prevalence of TB (all forms) per 100 000 population, low bound","Estimated prevalence of TB (all forms) per 100 000 population, low bound","Estimated prevalence of TB (all forms) per 100 000 population, low bound","Estimated prevalence of TB (all forms) per 100 000 population, low bound","Estimated prevalence of TB (all forms) per 100 000 population, low bound","Estimated prevalence of TB (all forms) per 100 000 population, low bound","Estimated prevalence of TB (all forms) per 100 000 population, low bound","Estimated prevalence of TB (all forms) per 100 000 population, high bound","Estimated prevalence of TB (all forms) per 100 000 population, high bound","Estimated prevalence of TB (all forms) per 100 000 population, high bound","Estimated prevalence of TB (all forms) per 100 000 population, high bound","Estimated prevalence of TB (all forms) per 100 000 population, high bound","Estimated prevalence of TB (all forms) per 100 000 population, high bound","Estimated prevalence of TB (all forms) per 100 000 population, high bound","Estimated prevalence of TB (all forms) per 100 000 population, high bound",Estimated prevalence of TB (all forms),Estimated prevalence of TB (all forms),Estimated prevalence of TB (all forms),Estimated prevalence of TB (all forms),Estimated prevalence of TB (all forms),Estimated prevalence of TB (all forms),Estimated prevalence of TB (all forms),Estimated prevalence of TB (all forms),"Estimated prevalence of TB (all forms), low bound","Estimated prevalence of TB (all forms), low bound","Estimated prevalence of TB (all forms), low bound","Estimated prevalence of TB (all forms), low bound","Estimated prevalence of TB (all forms), low bound","Estimated prevalence of TB (all forms), low bound","Estimated prevalence of TB (all forms), low bound","Estimated prevalence of TB (all forms), low bound","Estimated prevalence of TB (all forms), high bound","Estimated prevalence of TB (all forms), high bound","Estimated prevalence of TB (all forms), high bound","Estimated prevalence of TB (all forms), high bound","Estimated prevalence of TB (all forms), high bound","Estimated prevalence of TB (all forms), high bound","Estimated prevalence of TB (all forms), high bound","Estimated prevalence of TB (all forms), high bound","Estimated mortality of TB cases (all forms, excluding HIV) per 100 000 population","Estimated mortality of TB cases (all forms, excluding HIV) per 100 000 population","Estimated mortality of TB cases (all forms, excluding HIV) per 100 000 population","Estimated mortality of TB cases (all forms, excluding HIV) per 100 000 population","Estimated mortality of TB cases (all forms, excluding HIV) per 100 000 population","Estimated mortality of TB cases (all forms, excluding HIV) per 100 000 population","Estimated mortality of TB cases (all forms, excluding HIV) per 100 000 population","Estimated mortality of TB cases (all forms, excluding HIV) per 100 000 population","Estimated mortality of TB cases (all forms, excluding HIV), per 100 000 population, low bound","Estimated mortality of TB cases (all forms, excluding HIV), per 100 000 population, low bound","Estimated mortality of TB cases (all forms, excluding HIV), per 100 000 population, low bound","Estimated mortality of TB cases (all forms, excluding HIV), per 100 000 population, low bound","Estimated mortality of TB cases (all forms, excluding HIV), per 100 000 population, low bound","Estimated mortality of TB cases (all forms, excluding HIV), per 100 000 population, low bound","Estimated mortality of TB cases (all forms, excluding HIV), per 100 000 population, low bound","Estimated mortality of TB cases (all forms, excluding HIV), per 100 000 population, low bound","Estimated mortality of TB cases (all forms, excluding HIV), per 100 000 population, high bound","Estimated mortality of TB cases (all forms, excluding HIV), per 100 000 population, high bound","Estimated mortality of TB cases (all forms, excluding HIV), per 100 000 population, high bound","Estimated mortality of TB cases (all forms, excluding HIV), per 100 000 population, high bound","Estimated mortality of TB cases (all forms, excluding HIV), per 100 000 population, high bound","Estimated mortality of TB cases (all forms, excluding HIV), per 100 000 population, high bound","Estimated mortality of TB cases (all forms, excluding HIV), per 100 000 population, high bound","Estimated mortality of TB cases (all forms, excluding HIV), per 100 000 population, high bound","Estimated number of deaths from TB (all forms, excluding HIV)","Estimated number of deaths from TB (all forms, excluding HIV)","Estimated number of deaths from TB (all forms, excluding HIV)","Estimated number of deaths from TB (all forms, excluding HIV)","Estimated number of deaths from TB (all forms, excluding HIV)","Estimated number of deaths from TB (all forms, excluding HIV)","Estimated number of deaths from TB (all forms, excluding HIV)","Estimated number of deaths from TB (all forms, excluding HIV)","Estimated number of deaths from TB (all forms, excluding HIV), low bound","Estimated number of deaths from TB (all forms, excluding HIV), low bound","Estimated number of deaths from TB (all forms, excluding HIV), low bound","Estimated number of deaths from TB (all forms, excluding HIV), low bound","Estimated number of deaths from TB (all forms, excluding HIV), low bound","Estimated number of deaths from TB (all forms, excluding HIV), low bound","Estimated number of deaths from TB (all forms, excluding HIV), low bound","Estimated number of deaths from TB (all forms, excluding HIV), low bound","Estimated number of deaths from TB (all forms, excluding HIV), high bound","Estimated number of deaths from TB (all forms, excluding HIV), high bound","Estimated number of deaths from TB (all forms, excluding HIV), high bound","Estimated number of deaths from TB (all forms, excluding HIV), high bound","Estimated number of deaths from TB (all forms, excluding HIV), high bound","Estimated number of deaths from TB (all forms, excluding HIV), high bound","Estimated number of deaths from TB (all forms, excluding HIV), high bound","Estimated number of deaths from TB (all forms, excluding HIV), high bound","Estimated mortality of TB cases who are HIV-positive, per 100 000 population","Estimated mortality of TB cases who are HIV-positive, per 100 000 population","Estimated mortality of TB cases who are HIV-positive, per 100 000 population","Estimated mortality of TB cases who are HIV-positive, per 100 000 population","Estimated mortality of TB cases who are HIV-positive, per 100 000 population","Estimated mortality of TB cases who are HIV-positive, per 100 000 population","Estimated mortality of TB cases who are HIV-positive, per 100 000 population","Estimated mortality of TB cases who are HIV-positive, per 100 000 population","Estimated mortality of TB cases who are HIV-positive, per 100 000 population, low bound","Estimated mortality of TB cases who are HIV-positive, per 100 000 population, low bound","Estimated mortality of TB cases who are HIV-positive, per 100 000 population, low bound","Estimated mortality of TB cases who are HIV-positive, per 100 000 population, low bound","Estimated mortality of TB cases who are HIV-positive, per 100 000 population, low bound","Estimated mortality of TB cases who are HIV-positive, per 100 000 population, low bound","Estimated mortality of TB cases who are HIV-positive, per 100 000 population, low bound","Estimated mortality of TB cases who are HIV-positive, per 100 000 population, low bound","Estimated mortality of TB cases who are HIV-positive, per 100 000 population, high bound","Estimated mortality of TB cases who are HIV-positive, per 100 000 population, high bound","Estimated mortality of TB cases who are HIV-positive, per 100 000 population, high bound","Estimated mortality of TB cases who are HIV-positive, per 100 000 population, high bound","Estimated mortality of TB cases who are HIV-positive, per 100 000 population, high bound","Estimated mortality of TB cases who are HIV-positive, per 100 000 population, high bound","Estimated mortality of TB cases who are HIV-positive, per 100 000 population, high bound","Estimated mortality of TB cases who are HIV-positive, per 100 000 population, high bound",Estimated number of deaths from TB in people who are HIV-positive,Estimated number of deaths from TB in people who are HIV-positive,Estimated number of deaths from TB in people who are HIV-positive,Estimated number of deaths from TB in people who are HIV-positive,Estimated number of deaths from TB in people who are HIV-positive,Estimated number of deaths from TB in people who are HIV-positive,Estimated number of deaths from TB in people who are HIV-positive,Estimated number of deaths from TB in people who are HIV-positive,"Estimated number of deaths from TB in people who are HIV-positive, low bound","Estimated number of deaths from TB in people who are HIV-positive, low bound","Estimated number of deaths from TB in people who are HIV-positive, low bound","Estimated number of deaths from TB in people who are HIV-positive, low bound","Estimated number of deaths from TB in people who are HIV-positive, low bound","Estimated number of deaths from TB in people who are HIV-positive, low bound","Estimated number of deaths from TB in people who are HIV-positive, low bound","Estimated number of deaths from TB in people who are HIV-positive, low bound","Estimated number of deaths from TB in people who are HIV-positive, high bound","Estimated number of deaths from TB in people who are HIV-positive, high bound","Estimated number of deaths from TB in people who are HIV-positive, high bound","Estimated number of deaths from TB in people who are HIV-positive, high bound","Estimated number of deaths from TB in people who are HIV-positive, high bound","Estimated number of deaths from TB in people who are HIV-positive, high bound","Estimated number of deaths from TB in people who are HIV-positive, high bound","Estimated number of deaths from TB in people who are HIV-positive, high bound",Estimated incidence (all forms) per 100 000 population,Estimated incidence (all forms) per 100 000 population,Estimated incidence (all forms) per 100 000 population,Estimated incidence (all forms) per 100 000 population,Estimated incidence (all forms) per 100 000 population,Estimated incidence (all forms) per 100 000 population,Estimated incidence (all forms) per 100 000 population,Estimated incidence (all forms) per 100 000 population,"Estimated incidence (all forms) per 100 000 population, low bound","Estimated incidence (all forms) per 100 000 population, low bound","Estimated incidence (all forms) per 100 000 population, low bound","Estimated incidence (all forms) per 100 000 population, low bound","Estimated incidence (all forms) per 100 000 population, low bound","Estimated incidence (all forms) per 100 000 population, low bound","Estimated incidence (all forms) per 100 000 population, low bound","Estimated incidence (all forms) per 100 000 population, low bound","Estimated incidence (all forms) per 100 000 population, high bound","Estimated incidence (all forms) per 100 000 population, high bound","Estimated incidence (all forms) per 100 000 population, high bound","Estimated incidence (all forms) per 100 000 population, high bound","Estimated incidence (all forms) per 100 000 population, high bound","Estimated incidence (all forms) per 100 000 population, high bound","Estimated incidence (all forms) per 100 000 population, high bound","Estimated incidence (all forms) per 100 000 population, high bound",Estimated number of incident cases (all forms),Estimated number of incident cases (all forms),Estimated number of incident cases (all forms),Estimated number of incident cases (all forms),Estimated number of incident cases (all forms),Estimated number of incident cases (all forms),Estimated number of incident cases (all forms),Estimated number of incident cases (all forms),"Estimated number of incident cases (all forms), low bound","Estimated number of incident cases (all forms), low bound","Estimated number of incident cases (all forms), low bound","Estimated number of incident cases (all forms), low bound","Estimated number of incident cases (all forms), low bound","Estimated number of incident cases (all forms), low bound","Estimated number of incident cases (all forms), low bound","Estimated number of incident cases (all forms), low bound","Estimated number of incident cases (all forms), high bound","Estimated number of incident cases (all forms), high bound","Estimated number of incident cases (all forms), high bound","Estimated number of incident cases (all forms), high bound","Estimated number of incident cases (all forms), high bound","Estimated number of incident cases (all forms), high bound","Estimated number of incident cases (all forms), high bound","Estimated number of incident cases (all forms), high bound",Estimated HIV in incident TB (percent),Estimated HIV in incident TB (percent),Estimated HIV in incident TB (percent),Estimated HIV in incident TB (percent),Estimated HIV in incident TB (percent),Estimated HIV in incident TB (percent),Estimated HIV in incident TB (percent),Estimated HIV in incident TB (percent),"Estimated HIV in incident TB (percent), low bound","Estimated HIV in incident TB (percent), low bound","Estimated HIV in incident TB (percent), low bound","Estimated HIV in incident TB (percent), low bound","Estimated HIV in incident TB (percent), low bound","Estimated HIV in incident TB (percent), low bound","Estimated HIV in incident TB (percent), low bound","Estimated HIV in incident TB (percent), low bound","Estimated HIV in incident TB (percent), high bound","Estimated HIV in incident TB (percent), high bound","Estimated HIV in incident TB (percent), high bound","Estimated HIV in incident TB (percent), high bound","Estimated HIV in incident TB (percent), high bound","Estimated HIV in incident TB (percent), high bound","Estimated HIV in incident TB (percent), high bound","Estimated HIV in incident TB (percent), high bound",Estimated incidence of TB cases who are HIV-positive per 100 000 population,Estimated incidence of TB cases who are HIV-positive per 100 000 population,Estimated incidence of TB cases who are HIV-positive per 100 000 population,Estimated incidence of TB cases who are HIV-positive per 100 000 population,Estimated incidence of TB cases who are HIV-positive per 100 000 population,Estimated incidence of TB cases who are HIV-positive per 100 000 population,Estimated incidence of TB cases who are HIV-positive per 100 000 population,Estimated incidence of TB cases who are HIV-positive per 100 000 population,"Estimated incidence of TB cases who are HIV-positive per 100 000 population, low bound","Estimated incidence of TB cases who are HIV-positive per 100 000 population, low bound","Estimated incidence of TB cases who are HIV-positive per 100 000 population, low bound","Estimated incidence of TB cases who are HIV-positive per 100 000 population, low bound","Estimated incidence of TB cases who are HIV-positive per 100 000 population, low bound","Estimated incidence of TB cases who are HIV-positive per 100 000 population, low bound","Estimated incidence of TB cases who are HIV-positive per 100 000 population, low bound","Estimated incidence of TB cases who are HIV-positive per 100 000 population, low bound","Estimated incidence of TB cases who are HIV-positive per 100 000 population, high bound","Estimated incidence of TB cases who are HIV-positive per 100 000 population, high bound","Estimated incidence of TB cases who are HIV-positive per 100 000 population, high bound","Estimated incidence of TB cases who are HIV-positive per 100 000 population, high bound","Estimated incidence of TB cases who are HIV-positive per 100 000 population, high bound","Estimated incidence of TB cases who are HIV-positive per 100 000 population, high bound","Estimated incidence of TB cases who are HIV-positive per 100 000 population, high bound","Estimated incidence of TB cases who are HIV-positive per 100 000 population, high bound",Estimated incidence of TB cases who are HIV-positive,Estimated incidence of TB cases who are HIV-positive,Estimated incidence of TB cases who are HIV-positive,Estimated incidence of TB cases who are HIV-positive,Estimated incidence of TB cases who are HIV-positive,Estimated incidence of TB cases who are HIV-positive,Estimated incidence of TB cases who are HIV-positive,Estimated incidence of TB cases who are HIV-positive,"Estimated incidence of TB cases who are HIV-positive, low bound","Estimated incidence of TB cases who are HIV-positive, low bound","Estimated incidence of TB cases who are HIV-positive, low bound","Estimated incidence of TB cases who are HIV-positive, low bound","Estimated incidence of TB cases who are HIV-positive, low bound","Estimated incidence of TB cases who are HIV-positive, low bound","Estimated incidence of TB cases who are HIV-positive, low bound","Estimated incidence of TB cases who are HIV-positive, low bound","Estimated incidence of TB cases who are HIV-positive, high bound","Estimated incidence of TB cases who are HIV-positive, high bound","Estimated incidence of TB cases who are HIV-positive, high bound","Estimated incidence of TB cases who are HIV-positive, high bound","Estimated incidence of TB cases who are HIV-positive, high bound","Estimated incidence of TB cases who are HIV-positive, high bound","Estimated incidence of TB cases who are HIV-positive, high bound","Estimated incidence of TB cases who are HIV-positive, high bound","Case detection rate (all forms), percent","Case detection rate (all forms), percent","Case detection rate (all forms), percent","Case detection rate (all forms), percent","Case detection rate (all forms), percent","Case detection rate (all forms), percent","Case detection rate (all forms), percent","Case detection rate (all forms), percent","Case detection rate (all forms), percent, low bound","Case detection rate (all forms), percent, low bound","Case detection rate (all forms), percent, low bound","Case detection rate (all forms), percent, low bound","Case detection rate (all forms), percent, low bound","Case detection rate (all forms), percent, low bound","Case detection rate (all forms), percent, low bound","Case detection rate (all forms), percent, low bound","Case detection rate (all forms), percent, high bound","Case detection rate (all forms), percent, high bound","Case detection rate (all forms), percent, high bound","Case detection rate (all forms), percent, high bound","Case detection rate (all forms), percent, high bound","Case detection rate (all forms), percent, high bound","Case detection rate (all forms), percent, high bound","Case detection rate (all forms), percent, high bound"
,count,mean,std,min,25%,50%,75%,max,count,mean,std,min,25%,50%,75%,max,count,mean,std,min,25%,50%,75%,max,count,mean,std,min,25%,50%,75%,max,count,mean,std,min,25%,50%,75%,max,count,mean,std,min,25%,50%,75%,max,count,mean,std,min,25%,50%,75%,max,count,mean,std,min,25%,50%,75%,max,count,mean,std,min,25%,50%,75%,max,count,mean,std,min,25%,50%,75%,max,count,mean,std,min,25%,50%,75%,max,count,mean,std,min,25%,50%,75%,max,count,mean,std,min,25%,50%,75%,max,count,mean,std,min,25%,50%,75%,max,count,mean,std,min,25%,50%,75%,max,count,mean,std,min,25%,50%,75%,max,count,mean,std,min,25%,50%,75%,max,count,mean,std,min,25%,50%,75%,max,count,mean,std,min,25%,50%,75%,max,count,mean,std,min,25%,50%,75%,max,count,mean,std,min,25%,50%,75%,max,count,mean,std,min,25%,50%,75%,max,count,mean,std,min,25%,50%,75%,max,count,mean,std,min,25%,50%,75%,max,count,mean,std,min,25%,50%,75%,max,count,mean,std,min,25%,50%,75%,max,count,mean,std,min,25%,50%,75%,max,count,mean,std,min,25%,50%,75%,max,count,mean,std,min,25%,50%,75%,max,count,mean,std,min,25%,50%,75%,max,count,mean,std,min,25%,50%,75%,max,count,mean,std,min,25%,50%,75%,max,count,mean,std,min,25%,50%,75%,max,count,mean,std,min,25%,50%,75%,max,count,mean,std,min,25%,50%,75%,max,count,mean,std,min,25%,50%,75%,max
Year,,,,,,,,,,,,,,,,,,,,,,,,,,,,,,,,,,,,,,,,,,,,,,,,,,,,,,,,,,,,,,,,,,,,,,,,,,,,,,,,,,,,,,,,,,,,,,,,,,,,,,,,,,,,,,,,,,,,,,,,,,,,,,,,,,,,,,,,,,,,,,,,,,,,,,,,,,,,,,,,,,,,,,,,,,,,,,,,,,,,,,,,,,,,,,,,,,,,,,,,,,,,,,,,,,,,,,,,,,,,,,,,,,,,,,,,,,,,,,,,,,,,,,,,,,,,,,,,,,,,,,,,,,,,,,,,,,,,,,,,,,,,,,,,
1990,206.0,196.323786407767,209.44117368923636,2.5,38.5,98.0,321.75,647.5,206.0,96.41757281553399,105.85396987581657,0.74,15.5,45.0,160.75,331.0,206.0,327.75970873786406,344.2521313364246,5.3,69.5,166.0,542.0,1050.0,206.0,18265.60485436893,24596.264760709164,1.3,460.0,4500.0,28000.0,69370.0,206.0,8881.964999999998,12144.069990993477,0.44,192.5,2150.0,14000.0,34730.0,206.0,30658.054854368933,40746.52128420709,2.7,842.5,7750.0,49750.0,113815.0,206.0,18.485679611650486,22.036267982783414,0.0,2.525,6.6,36.75,60.400000000000006,206.0,11.844951456310682,14.145545459228337,0.0,1.8,4.55,18.0,40.435,206.0,25.535970873786408,29.946379100784938,0.0,3.125,9.4,52.0,79.95,206.0,1560.470291262136,2146.500288759314,0.0,27.0,365.0,2100.0,5720.0,206.0,1021.9248058252427,1400.952084298463,0.0,17.25,235.0,1575.0,3729.0,206.0,1989.4908737864077,2681.4919959743215,0.0,30.0,455.0,2950.0,6964.0,206.0,0.8558252427184466,1.7375834209961467,0.0,0.0,0.01,0.4475,5.5,206.0,0.6466504854368931,1.2541567740234993,0.0,0.01,0.03,0.45,4.16,206.0,1.4105339805825245,2.6705777590499715,0.0,0.04,0.06,0.8775000000000001,8.495000000000001,206.0,99.04854368932038,210.7307091488013,0.0,0.0,1.0,44.25,675.0,206.0,82.97053398058253,168.314291791211,0.0,0.81,11.0,40.75,587.85,206.0,169.85825242718448,323.4474926360395,1.2,3.5,22.0,89.75,1073.0,206.0,120.55728155339806,126.23180195485254,1.9,26.25,66.0,174.75,434.0,206.0,100.8368932038835,104.47497260370369,1.6,21.25,57.0,149.5,382.0,206.0,142.8878640776699,149.0293233489792,2.1,31.0,77.5,223.0,476.0,206.0,11289.717961165048,15344.539281426363,1.1,320.0,3000.0,17750.0,44550.0,206.0,9889.227184466019,13547.96171114938,1.0,242.5,2750.0,14000.0,39610.0,206.0,12984.970388349515,17297.506479671847,1.3,362.5,3500.0,21000.0,49475.0,206.0,2.5753398058252426,5.450198441772594,0.0,0.06,0.355,1.6,24.009999999999998,206.0,1.9747572815533978,4.580750571081,0.0,0.04,0.225,1.4,21.990000000000002,206.0,3.4667475728155335,7.236130087167358,0.0,0.0849999999999999,0.485,1.9,31.09,206.0,2.6984466019417477,5.606733409606971,0.0,0.0425,0.14,1.4,20.42,206.0,2.174563106796117,4.683333688980484,0.0,0.0325,0.11,0.9225000000000001,18.025,206.0,3.2893446601941747,6.6042489968456835,0.0,0.07250000000000001,0.19,1.9,23.080000000000002,206.0,298.82606796116505,631.8783076005778,0.0,2.9,25.5,120.0,2177.0,206.0,240.15966019417476,520.2392017321538,0.0,1.75,14.5,90.0,1817.0,206.0,361.6399514563107,735.8222901359903,0.01,3.425,33.5,150.0,2437.0,206.0,62.939805825242715,29.04721418087162,2.0,39.0,74.0,87.0,138.0,206.0,62.078058252427184,28.963032385986665,0.0,38.25,69.5,87.0,139.5,206.0,63.58543689320388,29.30699378036479,2.0,41.25,74.0,87.0,138.0
1991,208.0,195.5052884615385,207.80321916323234,2.8,35.75,96.0,315.75,647.5,208.0,97.60000000000001,106.601999872477,1.2,14.75,44.5,163.0,331.0,208.0,324.43365384615385,339.9382817272665,5.2,65.75,164.0,523.5,1050.0,208.0,18361.711057692308,24768.63011381919,1.5,467.5,4500.0,28500.0,69370.0,208.0,9008.464326923076,12272.082612021122,0.53,215.0,2300.0,14250.0,34730.0,208.0,30549.469230769228,40737.324727168554,2.8,892.5,7650.0,49000.0,113815.0,208.0,18.52764423076923,22.046644901852353,0.0,2.075,6.85,36.25,60.400000000000006,208.0,11.970769230769232,14.331739990125275,0.0,1.6,4.5,22.25,40.435,208.0,25.319855769230767,29.76259626937933,0.0,2.775,9.2,52.0,79.95,208.0,1555.7443269230769,2157.496384340214,0.0,30.5,345.0,2200.0,5720.0,208.0,1023.0682692307693,1410.4083252080989,0.0,18.5,245.0,1625.0,3729.0,208.0,1961.0374519230768,2672.7362549229338,0.0,39.0,455.0,2900.0,6964.0,208.0,0.9491826923076924,1.819410056026274,0.0,0.0,0.02,0.65,5.5,208.0,0.7423076923076922,1.3629218618418435,0.0,0.02,0.05,0.535,4.16,208.0,1.5504807692307692,2.7969429066065676,0.0,0.04,0.0999999999999999,1.225,8.495000000000001,208.0,108.58653846153847,219.30289690484813,0.0,0.0,1.5,64.25,675.0,208.0,95.8670673076923,181.3450336100476,0.0,2.1,10.6,58.75,587.85,208.0,192.53317307692308,347.74408875116825,1.3,4.7,22.5,130.0,1073.0,208.0,121.13653846153846,126.47003773989671,2.3,25.5,66.0,188.75,434.0,208.0,104.22740384615386,107.25397808682739,1.3,22.5,59.5,159.5,382.0,208.0,140.15432692307692,146.26451612349265,3.2,30.5,76.0,217.0,476.0,208.0,11413.967307692308,15480.169741900658,1.1,305.0,3000.0,17250.0,44550.0,208.0,10162.753365384615,13776.892825583762,1.0,250.0,2700.0,15000.0,39610.0,208.0,12900.187980769231,17307.655665286264,1.3,360.0,3350.0,21000.0,49475.0,208.0,3.003990384615385,5.858127509106522,0.0,0.1375,0.47,2.0,24.009999999999998,208.0,2.4388942307692307,5.0973242226000055,0.0,0.09,0.325,1.9,21.990000000000002,208.0,3.888173076923077,7.603034515527059,0.0,0.22749999999999992,0.64,2.3249999999999997,31.09,208.0,3.1368750000000003,6.135726108064828,0.0,0.0675,0.18,1.6,20.42,208.0,2.6709134615384613,5.3096817851111915,0.0,0.05,0.14500000000000002,1.375,18.025,208.0,3.7425,7.117143944217042,0.0,0.0975,0.25,2.6,23.080000000000002,208.0,337.06764423076925,669.4818643513726,0.0,4.425,32.0,170.0,2177.0,208.0,278.0261538461539,557.7463078197694,0.0,2.975,26.5,140.0,1817.0,208.0,399.33206730769234,773.6369630418353,0.01,5.7749999999999995,43.5,195.0,2437.0,208.0,63.706250000000004,27.67282294654663,2.0,40.0,75.0,87.0,138.0,208.0,62.893750000000004,27.55367374043255,0.0,39.0,71.5,87.0,139.5,208.0,64.48028846153846,28.006425175736332,2.0,42.0,75.0,87.0,138.0
1992,209.0,195.39856459330144,206.29527952354832,2.9,34.0,100.0,305.0,647.5,209.0,97.8645933014354,106.71975697498637,1.4,15.0,47.0,159.0,331.0,209.0,324.50765550239237,337.4862415126612,5.1,60.0,176.0,500.0,1050.0,209.0,18561.41004784689,25004.06167173617,1.7,410.0,4800.0,29000.0,69370.0,209.0,9168.505167464114,12460.005349634495,0.81,180.0,2400.0,15000.0,34730.0,209.0,30809.447368421053,41062.24050302041,3.0,760.0,7700.0,49000.0,113815.0,209.0,18.34799043062201,21.811948268973346,0.0,2.2,6.9,31.0,60.400000000000006,209.0,12.071291866028707,14.284178184270239,0.0,1.7,5.2,19.0,40.435,209.0,24.727655502392345,29.079171450805916,0.0,2.8,9.8,44.0,79.95,209.0,1556.1508133971292,2166.4799465634014,0.0,27.0,340.0,2200.0,5720.0,209.0,1039.5478947368422,1426.0814233265517,0.0,16.0,220.0,1600.0,3729.0,209.0,1944.6151196172252,2660.59699157248,0.0,31.0,430.0,2700.0,6964.0,209.0,1.0483732057416268,1.8952831720762828,0.0,0.0,0.03,0.81,5.5,209.0,0.8417224880382774,1.4318146432471128,0.0,0.02,0.05,0.62,4.16,209.0,1.6938755980861246,2.890696957121465,0.0,0.06,0.1,1.5,8.495000000000001,209.0,117.26296650717703,223.0484098062998,0.0,0.0,2.0,94.0,675.0,209.0,98.77444976076555,185.0466405209379,0.01,2.3,7.300000000000001,74.0,587.85,209.0,186.91899521531104,345.30944467558163,0.73,5.8,15.5,130.0,1073.0,209.0,121.6641148325359,127.06327317032246,2.3,24.0,66.0,189.0,434.0,209.0,106.33684210526316,108.99364409653109,1.9,21.0,60.0,168.0,382.0,209.0,138.38708133971292,145.02688535763502,2.3,28.0,74.0,217.0,476.0,209.0,11624.850717703348,15710.449720078896,1.1,290.0,3200.0,18000.0,44550.0,209.0,10449.349282296651,14075.072718448977,1.0,260.0,2600.0,16000.0,39610.0,209.0,12949.68899521531,17439.043684536617,1.3,330.0,3400.0,20000.0,49475.0,209.0,3.5001913875598083,6.2957712426769294,0.0,0.21,0.6,2.8,24.009999999999998,209.0,2.9206698564593303,5.573185763020561,0.0,0.12,0.44,2.6,21.990000000000002,209.0,4.430956937799043,8.033070351501667,0.0,0.3,0.8,3.1,31.09,209.0,3.583875598086124,6.612060953421213,0.0,0.08,0.24,2.1,20.42,209.0,3.032846889952153,5.689102682516272,0.0,0.06,0.17,1.7,18.025,209.0,4.141483253588516,7.5220301736707045,0.0,0.12,0.32,3.1,23.080000000000002,209.0,370.48435406698565,695.3021990007496,0.02,7.4,35.0,230.0,2177.0,209.0,305.90320574162683,578.5874709174532,0.0,5.1,30.0,200.0,1817.0,209.0,429.3647368421053,784.901207040422,0.02,9.1,54.5,270.0,2437.0,209.0,62.34976076555023,27.139314947284078,2.0,40.0,71.0,87.0,138.0,209.0,61.588995215310995,27.177531080290745,0.0,38.0,67.0,87.0,139.5,209.0,63.053110047846886,27.359966936417702,2.0,42.0,71.0,87.0,138.0
1993,209.0,195.1602870813397,207.74428669806167,2.9,34.0,99.0,308.0,647.5,209.0,97.83684210526314,107.51833981116421,1.5,13.0,44.0,158.0,331.0,209.0,324.1382775119617,340.27629337860185,4.9,60.0,164.0,512.0,1050.0,209.0,18782.711339712918,25201.05641174248,0.77,400.0,4800.0,29000.0,69370.0,209.0,9298.77057416268,12587.020074626273,0.23,170.0,2500.0,15000.0,34730.0,209.0,31155.669377990427,41422.69075486865,1.6,800.0,7700.0,52000.0,113815.0,209.0,18.11397129186603,21.86335626416465,0.0,2.1,6.6,29.0,60.400000000000006,209.0,11.986842105263158,14.359291210442654,0.0,1.6,4.8,20.0,40.435,209.0,24.333540669856454,28.932437875883313,0.0,2.8,9.6,46.0,79.95,209.0,1570.0906698564595,2179.866821909111,0.0,26.0,340.0,2300.0,5720.0,209.0,1048.6844976076554,1436.617354837753,0.0,15.0,240.0,1600.0,3729.0,209.0,1950.6441626794258,2665.0959230058666,0.0,31.0,430.0,2700.0,6964.0,209.0,1.1538755980861242,2.010393619090682,0.0,0.0,0.04,1.1,5.5,209.0,0.9245454545454544,1.5176987606149086,0.0,0.03,0.05,0.86,4.16,209.0,1.8352631578947372,3.016013758740995,0.0,0.08,0.13,1.9,8.495000000000001,209.0,128.53105263157894,231.28192200637625,0.0,0.0,3.0,130.0,675.0,209.0,109.33564593301436,190.7872540813281,0.0,3.4,8.8,96.0,587.85,209.0,203.79645933014353,353.92546721338243,0.73,8.1,21.0,170.0,1073.0,209.0,122.91626794258373,128.24598817928654,2.3,24.0,66.0,191.0,434.0,209.0,108.0397129186603,110.66497605347948,1.9,21.0,60.0,171.0,382.0,209.0,138.1665071770335,145.14209558670163,2.3,28.0,75.0,217.0,476.0,209.0,11917.532870813398,16012.571836630894,0.57,290.0,3200.0,18000.0,44550.0,209.0,10731.177511961723,14359.03207900135,0.5,220.0,2500.0,17000.0,39610.0,209.0,13158.082488038277,17688.101997587397,0.64,330.0,3500.0,20000.0,49475.0,209.0,3.995741626794258,6.675858310578671,0.0,0.22,0.75,3.6,24.009999999999998,209.0,3.2983253588516748,5.898969399018421,0.0,0.16,0.53,2.9,21.990000000000002,209.0,5.083349282296651,8.609498348063026,0.0,0.39,1.0,4.2,31.09,209.0,3.948851674641149,6.883323536328831,0.0,0.09,0.3,2.8,20.42,209.0,3.3844497607655497,6.025654653119927,0.0,0.075,0.22,2.2,18.025,209.0,4.562009569377991,7.812819333775468,0.0,0.15,0.38,4.0,23.080000000000002,209.0,401.57775119617224,707.2465473004987,0.07,9.8,42.0,310.0,2177.0,209.0,331.6655502392345,590.1559758419222,0.0,6.2,25.0,260.0,1817.0,209.0,464.6377033492823,797.0409689767473,0.07,13.0,57.0,370.0,2437.0,209.0,64.46124401913876,27.379230975861837,2.0,42.0,73.0,87.0,138.0,209.0,63.288995215311004,27.056142190555445,0.0,41.0,67.5,87.0,139.5,209.0,65.37033492822967,27.848442512428804,2.0,45.0,73.0,87.0,138.0
1994,209.0,199.2937799043062,211.30911191529836,2.8,33.0,103.0,310.0,647.5,209.0,99.80287081339712,108.47670563211133,1.4,13.0,46.0,166.0,331.0,209.0,330.9153110047847,347.49919860868295,4.7,56.0,170.0,503.0,1050.0,209.0,18942.510047846892,25327.58605434467,1.8,410.0,4900.0,31000.0,69370.0,209.0,9403.483684210525,12656.486006042222,0.87,180.0,2400.0,15000.0,34730.0,209.0,31341.89282296651,41508.501686400356,3.2,800.0,7900.0,51000.0,113815.0,209.0,18.254354066985645,21.92988866840526,0.0,1.9,6.4,28.0,60.400000000000006,209.0,12.156411483253587,14.451528467307742,0.0,1.5,5.0,19.0,40.435,209.0,24.598086124401913,29.124552706572707,0.0,2.6,9.7,43.0,79.95,209.0,1569.4075119617228,2181.408043443617,0.0,25.0,340.0,2400.0,5720.0,209.0,1049.167033492823,1438.9802208060275,0.0,12.0,200.0,1600.0,3729.0,209.0,1955.8857894736843,2673.2019364780276,0.0,29.0,430.0,2900.0,6964.0,209.0,1.2166985645933015,2.0394284432276604,0.0,0.0,0.05,1.5,5.5,209.0,0.9731578947368422,1.5353866272511607,0.0,0.04,0.09,0.9,4.16,209.0,1.980334928229665,3.1231871869280368,0.0,0.09,0.2,2.3,8.495000000000001,209.0,140.63641148325357,242.88170852812553,0.0,0.0,4.0,150.0,675.0,209.0,120.4537799043062,200.24526881371824,0.0,3.1,12.0,120.0,587.85,209.0,224.74459330143537,369.2170494567787,0.82,10.0,27.0,240.0,1073.0,209.0,125.44306220095693,130.73669943454817,1.9,23.0,69.0,204.0,434.0,209.0,109.24019138755982,111.38273460996531,1.1,21.0,61.0,175.0,382.0,209.0,141.36507177033494,148.31229484772874,2.9,26.0,79.0,228.0,476.0,209.0,12159.998086124402,16268.152561798122,1.1,290.0,3000.0,19000.0,44550.0,209.0,10877.023444976076,14554.97765804959,1.0,250.0,2800.0,17000.0,39610.0,209.0,13410.713875598087,17947.121574515273,1.3,320.0,3300.0,20000.0,49475.0,209.0,4.460263157894737,6.968750546921783,0.0,0.38,1.0,4.0,24.009999999999998,209.0,3.6227990430622006,6.075497877493016,0.0,0.205,0.68,3.2,21.990000000000002,209.0,5.782392344497608,9.163880445864347,0.0,0.54,1.4,4.7,31.09,209.0,4.313875598086124,7.120169266828976,0.0,0.14,0.4,3.4,20.42,209.0,3.6769138755980855,6.181952382684423,0.0,0.09,0.33,3.1,18.025,209.0,4.987846889952153,8.079123658654396,0.0,0.19,0.5,5.4,23.080000000000002,209.0,438.6666985645933,729.1927696004714,0.11,12.0,59.0,440.0,2177.0,209.0,361.27741626794256,604.3573669458772,0.0,8.9,30.0,360.0,1817.0,209.0,510.2088038277512,827.3066582899994,0.16,16.0,73.0,540.0,2437.0,209.0,65.14641148325359,26.989296294354965,2.0,44.0,68.5,86.0,138.0,209.0,64.06746411483253,26.928571718313812,0.0,44.0,68.0,86.0,139.5,209.0,66.3043062200957,27.459124002464126,2.0,45.5,76.0,87.0,138.0
1995,209.0,198.21196172248804,212.35315673080305,2.5,30.0,98.0,324.0,647.5,209.0,99.27894736842107,109.51713352450888,1.3,12.0,47.0,164.0,331.0,209.0,329.177990430622,348.03532658583885,4.2,55.0,170.0,536.0,1050.0,209.0,19062.21980861244,25411.604161081763,0.84,450.0,5000.0,32000.0,69370.0,209.0,9453.475215311006,12695.43870084173,0.25,190.0,2300.0,15000.0,34730.0,209.0,31545.677990430624,41672.82119789153,1.8,870.0,8000.0,53000.0,113815.0,209.0,17.996602870813398,21.84926097676883,0.0,2.3,6.2,29.0,60.400000000000006,209.0,12.025215311004787,14.442231120470003,0.0,1.3,4.5,18.0,40.435,209.0,24.095789473684214,28.91564195195961,0.0,2.8,9.5,41.0,79.95,209.0,1579.502966507177,2187.8895492585134,0.0,24.0,350.0,2600.0,5720.0,209.0,1061.306937799043,1448.1376667488923,0.0,16.0,210.0,1700.0,3729.0,209.0,1972.7507655502393,2688.685815011782,0.0,27.0,440.0,3100.0,6964.0,209.0,1.281291866028708,2.0739148589778944,0.0,0.0,0.07,1.6,5.5,209.0,1.0188516746411482,1.555858229034816,0.0,0.05,0.11,1.0,4.16,209.0,2.108062200956938,3.146012273032958,0.0,0.12,0.22,2.9,8.495000000000001,209.0,149.62004784688995,249.42737572306245,0.0,0.0,5.0,180.0,675.0,209.0,132.36607655502394,209.64618999572798,0.0,4.35,22.95,160.0,587.85,209.0,250.12799043062202,378.9954786413127,0.85,13.0,69.0,310.0,1073.0,209.0,125.63732057416267,131.95778587989656,1.9,24.0,68.0,198.0,434.0,209.0,109.03444976076554,112.7148894667793,1.5,20.0,60.0,172.0,382.0,209.0,142.01913875598086,149.70549106503717,1.9,26.0,76.0,229.0,476.0,209.0,12261.44842105263,16353.921199822444,0.42,300.0,3200.0,19000.0,44550.0,209.0,10964.318038277514,14588.755341309654,0.37,260.0,2900.0,17000.0,39610.0,209.0,13645.53913875598,18150.889688551433,0.48,360.0,3700.0,21000.0,49475.0,209.0,4.907870813397128,7.283327073341483,0.0,0.46,1.2,4.5,24.009999999999998,209.0,3.9596650717703357,6.292987044717004,0.0,0.26,0.85,3.9,21.990000000000002,209.0,6.363349282296651,9.551069829198351,0.0,0.72,1.6,5.6,31.09,209.0,4.66822966507177,7.387006148069443,0.0,0.18,0.52,4.5,20.42,209.0,3.980382775119617,6.4138092715647215,0.0,0.115,0.39,3.6,18.025,209.0,5.416148325358852,8.402563489450106,0.0,0.24,0.64,6.8,23.080000000000002,209.0,476.203971291866,753.6781725497316,0.14,15.0,73.0,630.0,2177.0,209.0,394.4815789473684,630.4286951176823,0.0,12.0,37.0,520.0,1817.0,209.0,552.8868421052632,850.3559538898645,0.2,21.0,92.0,740.0,2437.0,209.0,64.79186602870813,25.860704539699956,3.3,45.0,76.0,86.0,138.0,209.0,63.82057416267943,25.467054653918556,3.3,45.0,70.0,86.0,139.5,209.0,65.57655502392345,26.374293202306617,3.3,45.0,76.0,87.0,138.0
1996,206.0,201.07815533980582,211.89169082914586,2.2,33.25,102.5,329.25,647.5,206.0,101.0868932038835,109.5879994901447,1.1,16.0,47.5,170.5,331.0,206.0,332.89951456310683,346.57648865375756,3.8,59.25,166.0,535.0,1050.0,206.0,19375.113495145633,25472.159783113082,0.88,515.0,5200.0,31750.0,69370.0,206.0,9612.65995145631,12742.180309098097,0.26,215.0,2550.0,15750.0,34730.0,206.0,32090.3427184466,41828.54405485792,1.9,902.5,8500.0,53000.0,113815.0,206.0,18.04990291262136,21.74173015733639,0.0,2.4,6.5,28.75,60.400000000000006,206.0,12.17359223300971,14.547497704826736,0.0,1.4,4.65,17.75,40.435,206.0,24.189077669902915,28.631158647295788,0.0,2.675,9.95,40.5,79.95,206.0,1593.5753883495147,2188.1634655782254,0.0,28.25,325.0,2675.0,5720.0,206.0,1072.0197572815534,1450.90850843639,0.0,13.0,215.0,1850.0,3729.0,206.0,1998.5642718446602,2698.6669162757335,0.0,34.25,450.0,3500.0,6964.0,206.0,1.3645145631067963,2.1217285882567305,0.0,0.0,0.07,1.875,5.5,206.0,1.1139077669902913,1.5851304928164283,0.0,0.055,0.16,1.3499999999999999,4.16,206.0,2.2285922330097088,3.190942472402671,0.0,0.1125,0.265,3.875,8.495000000000001,206.0,159.15825242718446,256.34624546833413,0.0,0.0,6.0,202.5,675.0,206.0,147.0781067961165,216.24065763732474,0.01,5.85,30.0,177.5,587.85,206.0,268.8783495145631,390.22305183148404,0.84,12.5,69.0,325.0,1073.0,206.0,128.2364077669903,133.38710613339907,1.5,26.0,67.0,201.0,434.0,206.0,112.04708737864077,114.96889236218401,1.5,22.25,60.5,181.75,382.0,206.0,144.2398058252427,150.53469405782866,1.9,28.25,75.0,227.5,476.0,206.0,12547.444077669903,16444.27392590551,0.78,325.0,3650.0,19000.0,44550.0,206.0,11207.848932038834,14661.980422749131,0.68,270.0,3400.0,17000.0,39610.0,206.0,13921.950873786407,18214.814698665436,0.88,400.0,4150.0,21000.0,49475.0,206.0,5.39628640776699,7.620820736832501,0.0,0.555,1.55,5.574999999999999,24.009999999999998,206.0,4.374393203883495,6.556153411630299,0.0,0.28,1.05,4.55,21.990000000000002,206.0,6.869611650485439,9.898948692376509,0.0,0.7625,2.0,7.05,31.09,206.0,4.977354368932039,7.570381271814478,0.0,0.22375,0.62,5.8500000000000005,20.42,206.0,4.299805825242719,6.63508556462666,0.0,0.14,0.47,4.7,18.025,206.0,5.754368932038836,8.612204632044039,0.0,0.28,0.845,7.925,23.080000000000002,206.0,514.1650485436893,783.5371636995212,0.16,21.25,88.0,742.5,2177.0,206.0,428.22087378640776,661.5591740192172,0.0,16.25,46.0,637.5,1817.0,206.0,592.8966990291262,880.3381127364466,0.2,29.0,110.0,855.0,2437.0,206.0,64.27378640776699,26.854916291208475,2.0,47.0,72.5,86.0,138.0,206.0,63.57815533980582,26.820461037036008,0.0,45.5,68.5,86.0,139.5,206.0,65.01165048543689,27.25926578103574,2.0,48.25,72.5,87.0,138.0
1997,207.0,200.39178743961352,210.93446223747057,2.0,31.0,103.0,329.5,647.5,207.0,101.17850241545892,109.28061471107237,0.95,14.0,48.0,163.5,331.0,207.0,331.16183574879227,344.9157194684224,3.5,57.5,176.0,526.0,1050.0,207.0,19280.701449275362,25417.38357900703,1.4,525.0,5200.0,30000.0,69370.0,207.0,9605.291642512078,12736.813256775462,0.64,220.0,2500.0,16000.0,34730.0,207.0,31896.87584541063,41686.10858867369,2.5,955.0,8700.0,50000.0,113815.0,207.0,18.111014492753625,21.71319053341921,0.0,1.55,6.3,28.5,60.400000000000006,207.0,12.28415458937198,14.513789906892786,0.0,1.2,4.8,19.5,40.435,207.0,24.178599033816422,28.646727179991323,0.0,2.3,9.8,42.0,79.95,207.0,1583.0828019323671,2180.7011158663304,0.0,28.0,350.0,2750.0,5720.0,207.0,1066.9121256038648,1448.9149937863024,0.0,19.0,210.0,1900.0,3729.0,207.0,1979.29961352657,2686.9483304163173,0.0,33.5,440.0,3500.0,6964.0,207.0,1.4244444444444444,2.166810226760015,0.0,0.0,0.06,2.1500000000000004,5.5,207.0,1.151304347826087,1.6246011427246285,0.0,0.07,0.17,1.5,4.16,207.0,2.322874396135266,3.244508141650202,0.0,0.14,0.37,4.35,8.495000000000001,207.0,165.0106763285024,260.9733258930797,0.0,0.0,7.0,220.0,675.0,207.0,151.56507246376813,222.69251441739866,0.01,5.7,27.0,205.0,587.85,207.0,279.1375845410628,397.00812211979826,0.78,14.0,48.5,350.0,1073.0,207.0,129.0487922705314,134.45559806298897,1.5,24.5,67.0,206.5,434.0,207.0,113.70125603864736,117.00581172341604,0.86,21.5,61.0,183.0,382.0,207.0,143.59855072463768,150.14466275952316,2.3,28.0,74.0,221.0,476.0,207.0,12513.426570048308,16405.44415242896,1.0,310.0,3600.0,19000.0,44550.0,207.0,11236.325120772946,14671.354568925555,0.9,265.0,3400.0,17000.0,39610.0,207.0,13839.643478260869,18153.298559264374,1.2,375.0,4400.0,22000.0,49475.0,207.0,5.669806763285023,7.789862372835674,0.0,0.625,1.7,6.3,24.009999999999998,207.0,4.712270531400966,6.838266874639184,0.0,0.31,1.2,5.050000000000001,21.990000000000002,207.0,7.238502415458939,10.128650183636017,0.0,0.94,2.4,7.55,31.09,207.0,5.1641545893719805,7.631589028649254,0.01,0.245,0.83,6.95,20.42,207.0,4.502560386473429,6.737288784085979,0.0,0.155,0.54,5.95,18.025,207.0,5.92951690821256,8.636510822257165,0.01,0.3,0.97,8.8,23.080000000000002,207.0,538.0288405797102,807.6997128833544,0.14,26.0,100.0,720.0,2177.0,207.0,447.54961352657006,677.3624044254123,0.0,18.5,56.0,635.0,1817.0,207.0,613.4642512077295,902.0597420909867,0.25,32.0,130.0,835.0,2437.0,207.0,66.06859903381643,26.392449447400494,2.0,48.0,75.0,87.0,138.0,207.0,65.54444444444445,26.309298359154788,0.0,48.0,73.5,87.0,139.5,207.0,66.82705314009662,26.83951120386157,2.0,48.0,75.0,87.0,138.0
1998,205.0,199.42000000000002,210.4645164541389,1.9,29.0,104.0,338.0,647.5,205.0,101.10882926829267,109.59248261482853,0.81,12.0,50.0,163.0,331.0,205.0,329.28,343.9266928274334,3.4,53.0,179.0,511.0,1050.0,205.0,19409.67707317073,25444.32881544417,1.8,560.0,5200.0,30000.0,69370.0,205.0,9676.576390243901,12763.485080276003,0.86,240.0,2600.0,15000.0,34730.0,205.0,32018.60975609756,41575.01357516907,3.1,1000.0,9200.0,50000.0,113815.0,205.0,18.25858536585366,21.75506130988473,0.0,2.0,6.8,29.0,60.400000000000006,205.0,12.452268292682927,14.599236931147598,0.0,1.2,5.1,21.0,40.435,205.0,24.406878048780488,28.697854517910102,0.0,2.5,9.9,40.0,79.95,205.0,1598.470731707317,2183.161356554726,0.0,31.0,390.0,2800.0,5720.0,205.0,1078.3900975609756,1451.990151071561,0.0,18.0,210.0,1900.0,3729.0,205.0,2005.9244390243903,2696.620778585365,0.0,33.0,430.0,3600.0,6964.0,205.0,1.4956097560975612,2.209604091035323,0.0,0.0,0.09,2.8,5.5,205.0,1.2261951219512195,1.6298287715235262,0.0,0.095,0.205,1.8,4.16,205.0,2.453170731707317,3.2910077566060414,0.0,0.1699999999999999,0.42,4.7,8.495000000000001,205.0,172.42351219512196,265.3324284803692,0.0,0.0,8.0,280.0,675.0,205.0,159.99634146341464,226.0302281250351,0.0,6.75,35.0,230.0,587.85,205.0,293.6726829268293,404.5502042757257,0.8,14.5,51.0,380.0,1073.0,205.0,130.17560975609757,135.8567234411337,1.5,23.0,69.0,205.0,434.0,205.0,115.02829268292683,118.61286500468572,1.5,20.0,63.0,184.0,382.0,205.0,143.09853658536585,150.21331938738766,1.9,25.0,74.0,226.0,476.0,205.0,12687.976585365854,16448.133172739526,1.2,390.0,4000.0,20000.0,44550.0,205.0,11404.38731707317,14718.435892635553,1.0,340.0,3800.0,18000.0,39610.0,205.0,13883.320487804876,18129.170722816558,1.3,450.0,4600.0,21000.0,49475.0,205.0,6.14651219512195,7.946261539677542,0.01,0.75,2.0,7.0,24.009999999999998,205.0,5.169804878048781,7.0958923467760515,0.0,0.34,1.5,6.1,21.990000000000002,205.0,7.773804878048781,10.28509239861341,0.01,0.97,2.8,8.2,31.09,205.0,5.498975609756098,7.666654971712535,0.01,0.3,0.95,8.5,20.42,205.0,4.811341463414633,6.784189450514947,0.0,0.2,0.81,7.3,18.025,205.0,6.288048780487806,8.664481536233227,0.01,0.32,1.1,9.8,23.080000000000002,205.0,568.7933170731708,828.7671704309004,0.15,30.0,100.0,780.0,2177.0,205.0,476.19424390243904,696.9498241729775,0.0,19.0,68.0,710.0,1817.0,205.0,647.5736097560975,920.8001893380264,0.35,38.0,140.0,850.0,2437.0,205.0,66.57512195121951,28.07280128819402,2.0,45.0,75.0,87.0,138.0,205.0,66.06926829268293,28.023464991828806,1.3,45.0,74.0,87.0,139.5,205.0,66.96048780487806,28.25517911498179,2.0,45.5,75.0,87.0,138.0
1999,208.0,194.0403846153846,208.12671378086802,1.8,29.75,103.5,339.0,647.5,208.0,98.16048076923076,108.68588252683655,0.58,12.75,44.0,159.25,331.0,208.0,320.8480769230769,339.67583295528755,3.8,55.75,170.0,523.25,1050.0,208.0,18996.283653846152,25299.516233092745,1.9,485.0,5300.0,29000.0,69370.0,208.0,9455.104615384616,12682.699032101353,0.67,217.5,2400.0,14250.0,34730.0,208.0,31373.441346153846,41439.676837040846,3.2,860.0,8950.0,48500.0,113815.0,208.0,17.57471153846154,21.595805817377947,0.0,1.75,6.0,24.25,60.400000000000006,208.0,12.01420673076923,14.52534455744894,0.0,1.2,4.550000000000001,20.0,40.435,208.0,23.544471153846153,28.555243614496117,0.0,2.3,9.5,39.0,79.95,208.0,1562.3380769230766,2162.7482029870744,0.0,20.0,335.0,2900.0,5720.0,208.0,1056.7395673076924,1440.0539491428228,0.0,13.75,205.0,1900.0,3729.0,208.0,1954.2506730769232,2665.0366111646294,0.0,26.5,405.0,3500.0,6964.0,208.0,1.5210576923076924,2.231260521221968,0.0,0.0,0.09,3.1,5.5,208.0,1.240817307692308,1.6282399303573494,0.0,0.105,0.20500000000000002,1.9000000000000001,4.16,208.0,2.540721153846154,3.3177985409883126,0.0,0.18,0.47,5.2,8.495000000000001,208.0,175.24293269230768,267.1879009662652,0.0,0.0,9.0,310.0,675.0,208.0,162.3146153846154,225.20201913838605,0.0,8.350000000000001,37.0,272.5,587.85,208.0,302.5197596153846,406.1072739391879,0.81,16.5,67.0,425.0,1073.0,208.0,127.77788461538461,135.5622212751378,1.9,23.0,67.0,201.25,434.0,208.0,112.8389423076923,118.17004767280001,1.1,20.0,62.0,177.25,382.0,208.0,141.18846153846152,150.6221345037064,2.9,25.0,72.5,222.5,476.0,208.0,12501.053365384614,16397.836858897066,1.1,317.5,3750.0,18500.0,44550.0,208.0,11250.377884615385,14676.190018128147,1.0,270.0,3500.0,16750.0,39610.0,208.0,13727.264903846155,18108.97845973748,1.3,357.5,4400.0,21000.0,49475.0,208.0,6.501370192307693,8.038954294992703,0.01,0.82,2.1,8.3,24.009999999999998,208.0,5.433221153846154,7.187570908476752,0.0,0.43,1.55,6.4,21.990000000000002,208.0,8.254326923076924,10.446519774077375,0.01,1.1,2.7,9.525,31.09,208.0,5.642620192307692,7.68296877282656,0.01,0.2875,1.05,9.4,20.42,208.0,4.922572115384615,6.795849827210818,0.0,0.225,0.8400000000000001,7.7,18.025,208.0,6.462475961538463,8.680312376077213,0.01,0.3475,1.25,12.0,23.080000000000002,208.0,581.0273557692308,832.3186179642279,0.17,33.75,110.0,845.0,2177.0,208.0,486.64028846153843,704.067200932483,0.0,22.75,84.0,770.0,1817.0,208.0,665.2825,926.3747065052336,0.49,44.25,140.0,930.0,2437.0,208.0,67.0,25.269790637054747,5.4,48.5,75.0,87.0,138.0,208.0,66.40865384615384,25.208182900313076,5.4,47.0,74.0,87.0,139.5,208.0,67.52403846153847,25.516337459201445,5.4,51.75,75.0,87.0,138.0
2000,205.0,191.79365853658535,205.7434913291174,2.2,29.0,103.0,341.0,647.5,205.0,97.63195121951219,107.831394879526,0.65,12.0,44.0,156.0,331.0,205.0,316.1117073170731,335.3837656393401,4.8,52.0,172.0,510.0,1050.0,205.0,19117.570731707317,25244.6934221813,1.3,560.0,5500.0,30000.0,69370.0,205.0,9536.459463414634,12654.291349077803,0.39,240.0,2500.0,16000.0,34730.0,205.0,31532.735121951217,41306.49344612585,2.8,1000.0,9400.0,49000.0,113815.0,205.0,17.37770731707317,21.56179901076401,0.0,1.6,6.0,25.0,60.400000000000006,205.0,11.824829268292682,14.476421434326827,0.0,0.95,4.5,21.0,40.435,205.0,23.26760975609756,28.362048770058887,0.0,2.2,8.7,37.0,79.95,205.0,1575.2343902439027,2161.2361954562575,0.0,19.0,330.0,3000.0,5720.0,205.0,1063.9189756097562,1442.783800398921,0.0,15.0,220.0,2000.0,3729.0,205.0,1977.7665853658534,2670.540620824109,0.0,25.0,420.0,3600.0,6964.0,205.0,1.579609756097561,2.258493086868711,0.0,0.0,0.1,3.5,5.5,205.0,1.2824390243902442,1.6501928444760112,0.0,0.12,0.22,2.6,4.16,205.0,2.646414634146342,3.370168975047547,0.0,0.23,0.48,5.4,8.495000000000001,205.0,183.22487804878048,271.8387754151812,0.0,0.0,10.0,350.0,675.0,205.0,172.8063414634146,226.72216274589704,0.0,8.7,39.0,270.0,587.85,205.0,318.80048780487806,410.77883445120955,1.3,18.0,100.0,520.0,1073.0,205.0,127.37560975609756,135.07196008868723,2.2,22.0,66.0,197.0,434.0,205.0,112.33658536585367,117.75201958240079,1.3,18.0,61.0,175.0,382.0,205.0,140.46682926829266,150.02765030184685,3.5,24.0,72.0,220.0,476.0,205.0,12687.205853658537,16444.289377499597,1.1,350.0,3900.0,19000.0,44550.0,205.0,11381.277073170731,14703.067201144922,1.0,310.0,3500.0,18000.0,39610.0,205.0,13888.36487804878,18133.575509189737,1.3,400.0,4600.0,21000.0,49475.0,205.0,6.8800487804878045,8.221830129836263,0.01,0.96,2.1,9.2,24.009999999999998,205.0,5.772634146341464,7.3752719715757395,0.0,0.55,1.7,7.4,21.990000000000002,205.0,8.720975609756099,10.585654926360984,0.01,1.2,3.1,11.0,31.09,205.0,5.875268292682927,7.783676014912059,0.01,0.3,1.2,11.0,20.42,205.0,5.100195121951219,6.860441570348965,0.0,0.26,0.87,8.9,18.025,205.0,6.763658536585367,8.835779024017208,0.01,0.36,1.4,13.0,23.080000000000002,205.0,604.921512195122,837.1721362327265,0.21,39.0,110.0,940.0,2177.0,205.0,503.83760975609755,710.4187172383569,0.0,24.0,86.0,860.0,1817.0,205.0,693.156,934.7012993174264,0.47,47.0,140.0,1000.0,2437.0,205.0,65.60341463414635,24.103464441590962,2.0,48.0,74.0,85.0,110.0,205.0,65.26682926829268,24.10885794814523,0.0,48.0,73.0,85.0,110.0,205.0,66.17902439024391,24.19604162701141,2.0,50.0,74.0,87.0,110.0
2001,205.0,186.82341463414633,203.00369608836692,2.9,26.0,97.0,334.0,647.5,205.0,95.29214634146341,106.70199461206978,0.99,11.0,47.0,152.0,331.0,205.0,307.590243902439,329.91600283096267,5.9,48.0,163.0,502.0,1050.0,205.0,18965.135609756097,25095.11718188421,1.5,470.0,5500.0,30000.0,69370.0,205.0,9464.26224390244,12581.169441758275,0.44,200.0,2500.0,16000.0,34730.0,205.0,31259.14048780488,41092.4051568257,3.1,870.0,9000.0,49000.0,113815.0,205.0,17.0729756097561,21.42199203092308,0.0,1.4,6.0,26.0,60.400000000000006,205.0,11.611829268292684,14.380142701408241,0.0,0.93,4.2,20.0,40.435,205.0,22.716439024390244,28.066004163547646,0.0,2.1,9.0,36.0,79.95,205.0,1561.5280975609758,2149.5364403366348,0.0,20.0,320.0,3000.0,5720.0,205.0,1057.1782926829267,1437.0597630648867,0.0,16.0,230.0,2100.0,3729.0,205.0,1950.0717560975609,2649.986898934289,0.0,27.0,390.0,3600.0,6964.0,205.0,1.6080487804878048,2.2732573798969296,0.0,0.0,0.12,3.4,5.5,205.0,1.3098048780487805,1.6551274197071,0.0,0.14,0.25,2.5,4.16,205.0,2.7013414634146344,3.378470478632016,0.0,0.27,0.57,6.0,8.495000000000001,205.0,187.6351219512195,274.4714111252892,0.0,0.0,11.0,390.0,675.0,205.0,180.86185365853655,228.35086085971014,0.0,8.7,39.0,350.0,587.85,205.0,332.27951219512187,412.6666506736302,1.5,23.0,100.0,580.0,1073.0,205.0,125.24975609756096,134.3764206033035,1.5,20.0,66.0,192.0,434.0,205.0,110.6960975609756,117.43091871807367,1.3,18.0,62.0,170.0,382.0,205.0,137.210243902439,148.5602374771054,1.6,21.0,70.0,217.0,476.0,205.0,12657.552195121953,16427.19742996045,1.1,330.0,3800.0,19000.0,44550.0,205.0,11391.896585365852,14712.23759050434,1.0,290.0,3400.0,17000.0,39610.0,205.0,13823.820487804878,18099.632574725612,1.3,370.0,4600.0,21000.0,49475.0,205.0,7.2787804878048785,8.356424496651949,0.01,0.87,2.7,9.8,24.009999999999998,205.0,6.034878048780488,7.462125749130693,0.0,0.6,1.9,8.1,21.990000000000002,205.0,9.085121951219513,10.66546114249702,0.02,1.2,3.3,12.0,31.09,205.0,6.104048780487805,7.864250814919483,0.01,0.33,1.4,11.0,20.42,205.0,5.262365853658536,6.870974196546851,0.0,0.28,1.0,9.8,18.025,205.0,7.025560975609757,8.937414488960949,0.01,0.38,1.8,14.0,23.080000000000002,205.0,624.4685853658536,840.8956010307064,0.33,44.0,120.0,1100.0,2177.0,205.0,514.9773170731708,708.5739298920538,0.0,29.0,85.0,910.0,1817.0,205.0,712.0222926829268,938.33606767204,0.44,56.0,140.0,1200.0,2437.0,205.0,65.62439024390244,23.833233722071455,2.0,45.0,73.0,87.0,100.0,205.0,65.2390243902439,23.796668061059002,0.0,45.0,73.0,87.0,100.0,205.0,66.02682926829269,23.939693680676662,2.0,48.0,73.0,87.0,100.0
2002,207.0,186.77971014492755,202.84421846570868,3.7,25.0,100.0,320.5,647.5,207.0,95.14492753623189,106.5038303740264,1.1,10.5,41.0,161.0,331.0,207.0,307.6009661835748,330.1637653359459,7.6,45.5,170.0,510.5,1050.0,207.0,18624.06570048309,24921.388438405593,1.3,445.0,5400.0,28500.0,69370.0,207.0,9288.442753623189,12477.36594014688,0.47,185.0,2400.0,14500.0,34730.0,207.0,30746.29468599034,40815.555582804824,2.7,820.0,9100.0,47000.0,113815.0,207.0,17.287101449275365,21.597316857450465,0.0,1.4,5.3,28.0,60.400000000000006,207.0,11.764758454106282,14.477136072905136,0.0,0.85,3.6,21.0,40.435,207.0,22.776280193236712,28.00533995853211,0.0,1.7,8.5,36.0,79.95,207.0,1530.4534299516909,2127.511262443425,0.0,22.0,300.0,2650.0,5720.0,207.0,1035.6918840579708,1422.8554373501613,0.0,15.5,200.0,1950.0,3729.0,207.0,1910.966376811594,2618.641011646611,0.0,25.0,370.0,3250.0,6964.0,207.0,1.6101449275362318,2.2707803026223274,0.0,0.0,0.11,3.1500000000000004,5.5,207.0,1.3216183574879226,1.660730455222666,0.0,0.145,0.24,2.45,4.16,207.0,2.6848067632850245,3.355790382114458,0.01,0.295,0.59,5.6,8.495000000000001,207.0,188.93816425120772,275.30200035687557,0.0,0.0,11.0,405.0,675.0,207.0,187.4966183574879,230.1598765045434,0.0,7.7,46.0,365.0,587.85,207.0,347.07826086956527,415.3222292831995,1.5,20.5,120.0,685.0,1073.0,207.0,125.99710144927536,134.72736581093588,2.3,19.5,67.0,204.5,434.0,207.0,112.45748792270531,119.01604701083805,2.1,18.0,62.0,174.0,382.0,207.0,137.6632850241546,148.3996899115873,2.7,20.5,72.0,219.0,476.0,207.0,12542.494685990338,16384.69051812628,1.1,310.0,3900.0,19000.0,44550.0,207.0,11351.589855072465,14696.724312701026,1.0,285.0,3600.0,17500.0,39610.0,207.0,13650.525603864733,18002.24163817372,1.3,355.0,4400.0,20000.0,49475.0,207.0,7.394903381642512,8.3570673968837,0.01,1.05,2.7,10.0,24.009999999999998,207.0,6.346908212560387,7.541590320960432,0.0,0.625,2.0,8.8,21.990000000000002,207.0,9.175,10.609076863384667,0.02,1.25,3.2,12.5,31.09,207.0,6.173188405797102,7.910467532379846,0.01,0.36,1.1,11.0,20.42,207.0,5.341739130434782,6.912502698927838,0.0,0.265,0.79,9.95,18.025,207.0,7.096932367149758,8.988346062382728,0.01,0.4,1.5,14.5,23.080000000000002,207.0,639.9648792270531,841.0702435448316,0.38,44.0,150.0,1100.0,2177.0,207.0,528.8158937198068,710.4017744685107,0.0,34.0,83.0,960.0,1817.0,207.0,728.1748309178744,940.587443071061,0.4,57.0,170.0,1250.0,2437.0,207.0,66.2024154589372,22.74072186696014,2.0,47.5,73.0,87.0,120.0,207.0,66.0574879227053,22.758837597831416,0.0,47.5,73.0,87.0,120.0,207.0,66.35217391304347,22.767102450444266,2.0,48.0,73.0,87.0,120.0
2003,208.0,178.43274038461539,198.2056386775238,0.91,22.75,88.5,302.0,647.5,208.0,91.65081730769231,105.10854618886839,0.27,8.9,38.5,150.0,331.0,208.0,292.8682692307692,320.8115482954055,1.9,42.75,153.0,476.0,1050.0,208.0,18336.76346153846,24719.07784909022,0.3,445.0,4850.0,27000.0,69370.0,208.0,9164.801490384616,12389.339995211765,0.09,187.5,2250.0,14000.0,34730.0,208.0,30225.30399038462,40445.3722832944,0.63,827.5,8900.0,45000.0,113815.0,208.0,16.543990384615384,20.98930288720253,0.0,1.175,4.949999999999999,25.25,60.400000000000006,208.0,11.181057692307691,13.995231946394115,0.0,0.7925,3.45,20.0,40.435,208.0,21.673269230769236,27.177973265245367,0.0,1.7,7.65,34.0,79.95,208.0,1506.8549999999998,2106.7362311884062,0.0,16.75,300.0,2475.0,5720.0,208.0,1020.1323076923078,1410.6036934902615,0.0,13.75,210.0,1775.0,3729.0,208.0,1876.9184134615386,2590.5307104221843,0.0,19.5,375.0,3125.0,6964.0,208.0,1.6048076923076924,2.2580098889268108,0.0,0.0,0.1,3.15,5.5,208.0,1.3371634615384616,1.6471562765075463,0.0,0.165,0.33499999999999996,2.375,4.16,208.0,2.685120192307693,3.3379093387328487,0.01,0.325,0.73,5.15,8.495000000000001,208.0,190.64249999999998,276.86927135347986,0.0,0.0,10.5,422.5,675.0,208.0,191.43682692307692,232.50585814141576,0.0,9.25,41.0,385.0,587.85,208.0,355.3133173076923,419.4203710390869,0.97,23.0,100.0,680.0,1073.0,208.0,122.24033653846153,134.18906407122498,0.39,17.75,66.0,194.5,434.0,208.0,109.30596153846153,118.92165679601683,0.34,16.0,58.0,168.75,382.0,208.0,134.16509615384615,148.81891233181207,0.44,19.0,70.0,215.5,476.0,208.0,12426.604471153849,16311.061237604763,0.13,320.0,3900.0,18250.0,44550.0,208.0,11269.317836538463,14677.110605783275,0.11,277.5,3500.0,17250.0,39610.0,208.0,13536.468990384614,17923.89221449874,0.15,350.0,4300.0,19250.0,49475.0,208.0,7.689447115384615,8.401986526494348,0.01,1.2,3.1,11.0,24.009999999999998,208.0,6.680336538461538,7.57206130763488,0.0,0.6749999999999999,2.3499999999999996,9.475,21.990000000000002,208.0,9.676153846153845,10.651867070713887,0.02,1.4,3.6,14.0,31.09,208.0,6.244326923076924,7.894891825483312,0.01,0.37,1.6,12.0,20.42,208.0,5.437475961538461,6.919046281728048,0.0,0.2625,1.0,10.25,18.025,208.0,7.1745192307692305,8.98540516882448,0.01,0.4275,2.0,13.25,23.080000000000002,208.0,653.6311057692309,845.8674534928516,0.36,45.0,170.0,1200.0,2177.0,208.0,542.552548076923,714.959478113073,0.0,37.75,86.0,1025.0,1817.0,208.0,740.1494711538463,944.0324361532181,0.38,57.75,190.0,1300.0,2437.0,208.0,69.96298076923077,23.901881250311174,2.0,50.75,77.0,87.0,138.0,208.0,69.75384615384615,23.907027742356473,0.0,50.75,76.5,87.0,139.5,208.0,70.16009615384615,23.947712647631135,2.0,51.75,78.0,87.0,138.0
2004,208.0,175.13817307692307,196.47308124681413,0.94,21.75,89.0,305.25,647.5,208.0,90.32091346153847,104.23378687457682,0.35,9.275,40.5,149.0,331.0,208.0,286.4533653846154,316.75091356562524,1.8,39.25,150.5,460.0,1050.0,208.0,18099.16639423077,24557.52798520038,0.31,417.5,4600.0,26500.0,69370.0,208.0,9041.218173076923,12313.401336813136,0.12,177.5,2050.0,13250.0,34730.0,208.0,29896.805336538462,40259.595045059454,0.61,767.5,8550.0,43750.0,113815.0,208.0,16.217019230769232,20.71603145363596,0.0,1.175,4.65,24.25,60.400000000000006,208.0,10.776033653846154,13.538544742074812,0.0,0.6775,3.6,18.0,40.435,208.0,21.401634615384612,27.07805274221715,0.0,1.5,7.6,33.25,79.95,208.0,1477.382403846154,2085.3118089763047,0.0,17.0,280.0,2450.0,5720.0,208.0,989.7773557692308,1383.9926561763177,0.0,13.75,200.0,1650.0,3729.0,208.0,1843.2563461538462,2569.0434787925797,0.0,18.75,355.0,2750.0,6964.0,208.0,1.6030288461538462,2.2462275318337053,0.0,0.0,0.11,3.375,5.5,208.0,1.3168028846153845,1.6451671998758042,0.0,0.1075,0.35,2.45,4.16,208.0,2.6827884615384616,3.2885954541894455,0.01,0.36,0.785,4.925000000000001,8.495000000000001,208.0,192.1160576923077,278.3385792265103,0.0,0.0,11.0,412.5,675.0,208.0,193.55682692307693,233.12998402133144,0.0,13.0,44.5,397.5,587.85,208.0,365.31524038461544,419.43607408565384,0.97,27.0,120.0,690.0,1073.0,208.0,120.9398076923077,133.66815686025205,0.78,17.0,65.0,192.0,434.0,208.0,108.37923076923077,118.56014492494018,0.68,15.75,57.5,165.0,382.0,208.0,134.25278846153847,149.61750802995996,0.88,18.0,70.0,217.0,476.0,208.0,12328.23875,16243.842802865622,0.26,310.0,3950.0,17500.0,44550.0,208.0,11175.396778846156,14587.663312571698,0.23,285.0,3400.0,16500.0,39610.0,208.0,13568.661009615384,17943.243523453093,0.29,347.5,4350.0,19500.0,49475.0,208.0,7.9344951923076925,8.431587154385925,0.01,1.3499999999999999,3.3499999999999996,11.0,24.009999999999998,208.0,6.875673076923078,7.570043014118227,0.0,0.6799999999999999,2.45,10.0,21.990000000000002,208.0,9.853413461538462,10.650635434183966,0.02,1.5750000000000002,4.2,14.25,31.09,208.0,6.270721153846154,7.876336875046178,0.01,0.3775,1.75,11.0,20.42,208.0,5.4915625,6.941879719815379,0.0,0.2975,1.1,10.25,18.025,208.0,7.233317307692308,8.993732710768228,0.01,0.46,2.2,13.25,23.080000000000002,208.0,667.1113461538462,850.4905226111104,0.35,50.5,180.0,1225.0,2177.0,208.0,552.0418269230769,715.2419521534778,0.0,40.0,97.5,1100.0,1817.0,208.0,757.4291826923078,950.003225017056,0.38,62.0,200.0,1400.0,2437.0,208.0,69.26009615384615,21.487187374031734,2.0,52.75,76.5,87.0,138.0,208.0,68.99807692307692,21.430830114013247,0.0,52.75,75.5,87.0,139.5,208.0,69.60144230769231,21.73062683949165,2.0,52.75,76.5,87.0,138.0
2005,209.0,170.73157894736843,192.43170256436923,1.7,23.0,84.0,285.0,647.5,209.0,88.22861244019138,102.38287133958741,0.54,9.8,40.0,136.0,331.0,209.0,278.9593301435407,310.09756036412136,2.9,40.0,141.0,443.0,1050.0,209.0,17828.57090909091,24381.273556596112,0.54,430.0,4300.0,25000.0,69370.0,209.0,8906.95937799043,12216.26422932084,0.16,190.0,2000.0,13000.0,34730.0,209.0,29427.801913875595,39966.466765554935,1.0,830.0,7400.0,41000.0,113815.0,209.0,15.788612440191388,20.28015618984854,0.0,1.2,4.2,24.0,60.400000000000006,209.0,10.551100478468898,13.290893688278635,0.0,0.85,3.5,18.0,40.435,209.0,20.78645933014354,26.57459057683604,0.0,1.4,7.6,32.0,79.95,209.0,1451.1424401913875,2072.51644951282,0.0,17.0,280.0,2400.0,5720.0,209.0,970.593157894737,1370.318685132986,0.0,14.0,190.0,1500.0,3729.0,209.0,1809.5150239234451,2559.989435811122,0.0,18.0,350.0,2800.0,6964.0,209.0,1.5811004784688998,2.2206970567234436,0.0,0.0,0.1,3.1,5.5,209.0,1.2961244019138756,1.627353636874838,0.0,0.08,0.31,2.3,4.16,209.0,2.6367464114832537,3.2463413856392966,0.01,0.345,0.73,4.5,8.495000000000001,209.0,191.311004784689,277.53539954988145,0.0,0.0,10.0,410.0,675.0,209.0,192.35555023923445,232.52254719002863,0.0,11.25,44.0,390.0,587.85,209.0,366.49712918660293,418.8897512970672,1.5,25.5,130.0,710.0,1073.0,209.0,118.45837320574162,131.45954349603903,1.2,17.0,61.0,189.0,434.0,209.0,106.28086124401914,116.69249126041649,1.0,16.0,53.0,168.0,382.0,209.0,131.23444976076556,146.47532530393266,1.3,19.0,66.0,210.0,476.0,209.0,12172.11980861244,16159.374483102582,0.4,310.0,3700.0,17000.0,44550.0,209.0,11013.992679425835,14484.269490036704,0.35,270.0,3400.0,15000.0,39610.0,209.0,13384.207799043063,17873.669462474198,0.45,360.0,4000.0,19000.0,49475.0,209.0,8.069330143540668,8.502743026354025,0.02,1.1,3.4,12.0,24.009999999999998,209.0,6.992344497607656,7.665958515259123,0.0,0.73,2.6,11.0,21.990000000000002,209.0,9.932942583732059,10.67118985221761,0.03,1.6,4.2,14.0,31.09,209.0,6.27354066985646,7.847947422704867,0.01,0.36,1.7,11.0,20.42,209.0,5.4731339712918645,6.923204318786043,0.0,0.3,1.2,9.3,18.025,209.0,7.228564593301438,8.955615011678107,0.01,0.44,2.1,13.0,23.080000000000002,209.0,671.4544976076556,853.207137542645,0.33,48.0,170.0,1300.0,2177.0,209.0,554.8886602870814,714.7296419176249,0.0,41.0,100.0,1100.0,1817.0,209.0,766.0093779904306,954.4917177160601,0.36,63.0,190.0,1400.0,2437.0,209.0,70.03349282296651,19.879295078993344,12.0,55.0,78.0,87.0,100.0,209.0,69.69377990430623,19.791266760128202,12.0,55.0,75.0,87.0,100.0,209.0,70.32775119617224,20.014513849457025,12.0,55.5,78.0,87.0,100.0
2006,208.0,167.44663461538462,189.47444371085342,1.7,21.75,87.0,265.0,647.5,208.0,86.64519230769231,100.89928865063612,0.5,9.600000000000001,42.0,134.0,331.0,208.0,273.4480769230769,305.8441347792901,3.5,39.5,147.0,432.0,1050.0,208.0,17702.063028846154,24242.007078325903,0.5,435.0,4350.0,25000.0,69370.0,208.0,8852.203509615383,12143.940649915861,0.15,180.0,1950.0,13000.0,34730.0,208.0,29185.054326923077,39660.3946662704,1.1,785.0,7750.0,40500.0,113815.0,208.0,15.415432692307693,20.046394011276718,0.0,1.0,4.25,23.25,60.400000000000006,208.0,10.308437499999998,13.116692846996592,0.0,0.6775,3.4,17.25,40.435,208.0,20.402451923076924,26.52337591266316,0.0,1.3,6.65,32.0,79.95,208.0,1431.4827403846152,2059.307930891949,0.0,18.0,260.0,2400.0,5720.0,208.0,960.4604807692309,1360.1045455837732,0.0,14.0,185.0,1425.0,3729.0,208.0,1793.5367307692309,2551.5196562785336,0.0,20.0,320.0,2725.0,6964.0,208.0,1.5758653846153845,2.2019436344354437,0.0,0.0,0.10500000000000001,3.3249999999999997,5.5,208.0,1.308846153846154,1.6158593876813927,0.0,0.08,0.335,2.525,4.16,208.0,2.618004807692308,3.2240081776331437,0.01,0.37,0.6599999999999999,4.675,8.495000000000001,208.0,191.50528846153844,276.48078358487015,0.0,0.0,12.0,410.0,675.0,208.0,194.01932692307693,231.57356992217674,0.0,11.05,46.5,387.5,587.85,208.0,363.43990384615387,416.7976278757945,1.5,24.5,125.0,675.0,1073.0,208.0,116.82115384615386,130.49255715579469,1.5,17.0,62.5,181.5,434.0,208.0,105.06298076923078,116.02534466069245,1.3,15.0,55.0,165.75,382.0,208.0,128.21057692307693,144.22928030818252,1.7,19.0,67.5,195.5,476.0,208.0,12144.610096153849,16113.888475070646,0.46,315.0,3650.0,17500.0,44550.0,208.0,10983.389278846154,14435.552586059322,0.4,275.0,3450.0,15500.0,39610.0,208.0,13286.352067307693,17757.3163773817,0.52,357.5,3850.0,19250.0,49475.0,208.0,8.251201923076923,8.53591457776124,0.03,1.3,3.4,13.25,24.009999999999998,208.0,7.133004807692307,7.696327829736645,0.0,0.7725,2.9,11.25,21.990000000000002,208.0,10.010456730769231,10.603178696121597,0.04,1.7,4.6,15.0,31.09,208.0,6.279639423076923,7.826492386881657,0.01,0.37,1.65,9.925,20.42,208.0,5.485024038461538,6.919914350116332,0.0,0.3,1.2999999999999998,9.350000000000001,18.025,208.0,7.222139423076924,8.914549788799711,0.01,0.4775,2.0,11.25,23.080000000000002,208.0,680.7770192307692,857.3288265668951,0.32,47.75,160.0,1300.0,2177.0,208.0,562.1239903846154,715.8933879038036,0.0,40.0,110.0,1100.0,1817.0,208.0,772.790576923077,956.8364861221299,0.34,64.75,170.0,1400.0,2437.0,208.0,70.37259615384616,20.29366215502286,2.0,53.0,78.0,87.0,120.0,208.0,70.1298076923077,20.336896241932045,0.0,53.0,78.0,87.0,120.0,208.0,70.66826923076923,20.354065289311645,2.0,54.75,78.0,87.0,120.0
2007,210.0,159.80666666666664,184.9851864063516,1.8,20.0,81.0,248.5,647.5,210.0,82.66066666666666,98.44312031013406,0.64,9.3,36.0,120.75,331.0,210.0,260.76190476190476,297.62213459542824,3.5,35.25,139.0,402.0,1050.0,210.0,17354.637857142858,24092.128708960077,0.55,422.5,3950.0,24750.0,69370.0,210.0,8694.538476190477,12075.124061316683,0.2,182.5,1850.0,12750.0,34730.0,210.0,28561.402857142857,39362.24270042389,1.1,730.0,6800.0,39750.0,113815.0,210.0,14.67209523809524,19.527957933268848,0.0,1.125,3.6500000000000004,22.5,60.400000000000006,210.0,9.806547619047619,12.822742481486765,0.0,0.7275,2.8,14.75,40.435,210.0,19.50109523809524,25.867399153879024,0.0,1.4,5.8,30.75,79.95,210.0,1399.7569999999998,2041.672937761015,0.0,17.5,240.0,2200.0,5720.0,210.0,936.2978571428572,1344.6326171170338,0.0,14.0,160.0,1400.0,3729.0,210.0,1759.9775714285715,2539.436652750061,0.0,22.25,310.0,2600.0,6964.0,210.0,1.544095238095238,2.1804280319170264,0.0,0.0,0.09,3.075,5.5,210.0,1.2994523809523808,1.6030609357570558,0.0,0.14,0.385,2.375,4.16,210.0,2.5544047619047623,3.1742475283552,0.01,0.385,0.715,4.3500000000000005,8.495000000000001,210.0,188.70304761904762,274.2501517941035,0.0,0.0,12.5,407.5,675.0,210.0,192.02814285714283,229.5168310553343,0.0,9.1,45.5,345.0,587.85,210.0,355.16319047619044,413.3498190526093,0.97,24.0,120.0,637.5,1073.0,210.0,112.79666666666668,129.23697916267653,1.5,15.25,57.0,169.0,434.0,210.0,101.40666666666668,114.81794723811464,1.3,14.0,48.5,156.5,382.0,210.0,123.64904761904764,142.73353975956167,1.7,17.0,62.0,184.5,476.0,210.0,11903.010190476189,15992.207540245892,0.46,272.5,3200.0,16750.0,44550.0,210.0,10807.188571428569,14351.474677572927,0.4,245.0,3050.0,15000.0,39610.0,210.0,13014.410904761906,17635.65933262203,0.52,330.0,3550.0,18500.0,49475.0,210.0,8.387642857142856,8.498611977358133,0.03,1.5,3.9499999999999997,13.0,24.009999999999998,210.0,7.271547619047619,7.679196971955159,0.0,0.8925,3.2,11.0,21.990000000000002,210.0,10.106309523809525,10.495514299267517,0.06,1.825,4.75,14.75,31.09,210.0,6.257952380952381,7.7664733455659745,0.01,0.38,1.85,9.6,20.42,210.0,5.467261904761905,6.892641142314289,0.0,0.31,1.5,8.9,18.025,210.0,7.168904761904763,8.816764573849914,0.01,0.495,2.12,11.0,23.080000000000002,210.0,680.0742380952381,854.6344539839815,0.29,52.0,150.0,1300.0,2177.0,210.0,563.956,713.55693646963,0.0,42.25,120.0,1100.0,1817.0,210.0,771.5152857142857,955.1242454989141,0.31,73.5,180.0,1400.0,2437.0,210.0,72.1,18.96923976906476,2.0,58.25,78.5,87.0,138.0,210.0,71.69285714285714,19.014844274998964,0.0,58.25,76.5,87.0,139.5,210.0,72.54285714285714,19.078484874305705,2.0,60.0,78.5,87.0,138.0
2008,211.0,153.5127962085308,178.36918903606104,1.6,22.0,73.0,232.0,647.5,211.0,79.45535545023698,95.10154893456786,0.54,9.45,35.0,116.0,331.0,211.0,250.80758293838863,287.73288743842573,3.3,38.5,129.0,381.5,1050.0,211.0,17135.566255924172,23994.118885572454,0.41,390.0,3800.0,24500.0,69370.0,211.0,8601.646113744077,12058.156245166843,0.14,180.0,1800.0,12500.0,34730.0,211.0,28168.74663507109,39171.01356122496,0.84,700.0,6500.0,40000.0,113815.0,211.0,13.928199052132701,18.58228412784093,0.0,1.05,3.6,21.5,60.400000000000006,211.0,9.318199052132702,12.278281952029072,0.0,0.6,2.9,14.0,40.435,211.0,18.919431279620852,25.111320756806236,0.0,1.3,5.2,30.5,79.95,211.0,1377.4538862559243,2028.4947987895491,0.0,16.5,230.0,2150.0,5720.0,211.0,925.7784360189573,1339.9990937153723,0.0,13.5,150.0,1350.0,3729.0,211.0,1746.2381990521328,2534.588404518494,0.0,18.5,270.0,2650.0,6964.0,211.0,1.529004739336493,2.1723742672753907,0.0,0.0,0.09,2.9,5.5,211.0,1.2819668246445497,1.5955390323198164,0.0,0.08,0.4,2.3,4.16,211.0,2.5278909952606634,3.173471050302651,0.01,0.22,0.81,4.2,8.495000000000001,211.0,186.84805687203792,272.7770362865137,0.0,0.0,13.0,405.0,675.0,211.0,176.63421800947864,231.16690059396245,0.0,9.7,36.0,335.0,587.85,211.0,325.88137440758294,417.83927948948565,0.97,24.0,100.0,610.0,1073.0,211.0,110.04170616113744,127.04241985569007,1.3,15.5,57.0,163.5,434.0,211.0,99.06161137440758,113.15781013914304,1.2,14.0,49.0,150.0,382.0,211.0,121.15213270142179,140.78312071680767,1.5,17.0,61.0,178.0,476.0,211.0,11781.537251184833,15929.76437657835,0.36,270.0,3000.0,17000.0,44550.0,211.0,10677.353364928911,14277.876449412834,0.32,240.0,2900.0,16000.0,39610.0,211.0,12885.439241706163,17561.393250107318,0.41,300.0,3300.0,18000.0,49475.0,211.0,8.482630331753553,8.453574776435694,0.04,1.75,4.3,13.0,24.009999999999998,211.0,7.379123222748817,7.680054551764411,0.0,0.975,3.4,11.0,21.990000000000002,211.0,10.256729857819906,10.483837275404074,0.07,2.1,4.9,14.0,31.09,211.0,6.2361611374407575,7.727729565698953,0.01,0.415,2.1,9.350000000000001,20.42,211.0,5.4439336492891,6.8677864962068655,0.0,0.31,1.6,8.899999999999999,18.025,211.0,7.1274644549763035,8.75459410510614,0.01,0.5349999999999999,2.4,10.5,23.080000000000002,211.0,683.2202843601895,854.847139829224,0.28,59.5,170.0,1300.0,2177.0,211.0,566.4321800947868,717.0120135295509,0.0,44.0,130.0,1100.0,1817.0,211.0,773.0184834123224,953.0447153800706,0.3,78.0,200.0,1400.0,2437.0,211.0,72.67298578199052,17.9493912907742,17.0,61.0,79.0,87.0,120.0,211.0,72.31279620853081,17.810758579903446,17.0,61.0,77.0,87.0,120.0,211.0,73.04739336492891,18.206556389225586,17.0,61.0,79.0,87.0,120.0
2009,211.0,148.94691943127964,173.228848987163,1.9,21.0,76.0,218.5,647.5,211.0,77.06616113744076,92.89151211905417,0.55,9.45,35.0,111.5,331.0,211.0,242.98483412322275,278.68859555552405,3.6,37.0,128.0,358.0,1050.0,211.0,16993.743127962083,23974.92154750535,0.6,400.0,3700.0,24000.0,69370.0,211.0,8527.519194312796,12032.028540474903,0.25,170.0,1600.0,13000.0,34730.0,211.0,27874.875829383884,39039.7457659771,1.1,740.0,6700.0,39000.0,113815.0,211.0,13.62094786729858,17.951526849828863,0.0,1.15,4.1,21.0,60.400000000000006,211.0,9.000663507109005,11.697474830697642,0.0,0.63,3.0,14.5,40.435,211.0,18.752748815165877,24.846685819592885,0.0,1.3,5.7,30.5,79.95,211.0,1355.3231279620852,2013.45876272923,0.0,16.5,230.0,2000.0,5720.0,211.0,909.0818483412323,1327.7438826760645,0.0,13.0,150.0,1250.0,3729.0,211.0,1722.2572037914692,2525.359191159085,0.0,19.5,270.0,2500.0,6964.0,211.0,1.5067772511848339,2.1571793846979315,0.0,0.0,0.09,2.7,5.5,211.0,1.2704028436018957,1.588508570893276,0.0,0.13,0.4,2.1500000000000004,4.16,211.0,2.4902132701421804,3.153639028323618,0.01,0.24,0.75,3.9,8.495000000000001,211.0,185.08644549763036,270.9770997601981,0.0,0.0,12.0,410.0,675.0,211.0,173.79289099526068,228.6427511907574,0.0,8.649999999999999,44.0,335.0,587.85,211.0,322.3936966824645,416.4949116851286,0.97,21.5,90.0,595.0,1073.0,211.0,107.88578199052134,125.39133556582291,1.5,15.5,55.0,152.5,434.0,211.0,97.06635071090048,111.66666533951768,1.3,14.0,48.0,143.0,382.0,211.0,119.29383886255924,139.78615985021247,1.7,17.0,59.0,167.0,476.0,211.0,11681.12786729858,15866.700561038211,0.47,265.0,2900.0,17000.0,44550.0,211.0,10587.974928909953,14227.490191384399,0.41,235.0,2800.0,16000.0,39610.0,211.0,12823.794549763034,17534.697239622074,0.53,305.0,3100.0,18500.0,49475.0,211.0,8.549265402843602,8.436170681495314,0.06,1.8,4.2,13.0,24.009999999999998,211.0,7.359976303317536,7.629258818422891,0.0,1.0,3.2,11.0,21.990000000000002,211.0,10.373933649289098,10.432833481500575,0.08,2.3499999999999996,5.2,14.0,31.09,211.0,6.212867298578199,7.725767180362326,0.01,0.435,2.265,9.25,20.42,211.0,5.382772511848342,6.835141480780658,0.0,0.315,1.7,8.7,18.025,211.0,7.095473933649289,8.729061151340456,0.01,0.58,2.7,11.0,23.080000000000002,211.0,685.0183412322275,854.9801464192279,0.27,58.5,190.0,1250.0,2177.0,211.0,563.6835071090047,713.3536309640168,0.0,43.5,140.0,1000.0,1817.0,211.0,778.5009478672986,952.8177861075573,0.3,82.0,210.0,1400.0,2437.0,211.0,73.6824644549763,17.11268328274779,16.0,64.0,80.0,87.0,120.0,211.0,73.38625592417061,17.005709145289742,16.0,64.0,78.0,87.0,120.0,211.0,73.9478672985782,17.286717518742023,16.0,64.0,80.0,87.0,120.0
2010,210.0,145.96333333333334,172.90316574799263,1.3,19.5,74.0,211.25,647.5,210.0,75.7005238095238,92.77967903753515,0.36,8.125,33.5,107.0,331.0,210.0,237.69809523809522,277.56051867557625,2.9,34.75,124.0,338.0,1050.0,210.0,16887.916285714284,23843.283257889332,0.62,410.0,3700.0,22750.0,69370.0,210.0,8501.069285714284,12027.845011640606,0.26,172.5,1600.0,11750.0,34730.0,210.0,27691.940000000002,38861.93507395958,1.1,725.0,6600.0,38500.0,113815.0,210.0,13.092380952380951,17.709596594186497,0.0,0.835,4.05,20.25,60.400000000000006,210.0,8.593238095238094,11.513517528368725,0.0,0.6125,3.1500000000000004,13.75,40.435,210.0,18.251714285714286,24.619609485323743,0.0,1.025,5.75,28.75,79.95,210.0,1340.958238095238,1998.1401060505948,0.0,19.0,240.0,1900.0,5720.0,210.0,897.4398571428571,1317.8339068057,0.0,12.25,165.0,1275.0,3729.0,210.0,1719.7930952380955,2512.61657002383,0.0,21.5,295.0,2600.0,6964.0,210.0,1.4932380952380953,2.1449020433519355,0.0,0.0,0.095,2.575,5.5,210.0,1.257238095238095,1.5783981312529394,0.0,0.15,0.385,2.1,4.16,210.0,2.463071428571429,3.110692198178946,0.01,0.25,0.8,3.7,8.495000000000001,210.0,184.24590476190477,269.2548434706997,0.0,0.0,13.0,395.0,675.0,210.0,173.03966666666668,226.4664683532754,0.0,9.2,35.5,337.5,587.85,210.0,324.0268571428571,413.89275980936293,0.84,24.0,94.0,570.0,1073.0,210.0,106.81523809523809,126.11000497663224,1.5,14.5,51.5,150.0,434.0,210.0,95.25,111.54816765924024,1.0,13.0,46.0,136.75,382.0,210.0,118.4695238095238,140.54089471003292,1.7,16.25,57.0,163.0,476.0,210.0,11683.148428571429,15858.714701508712,0.47,272.5,3000.0,18000.0,44550.0,210.0,10509.950523809523,14177.483741910075,0.41,250.0,2750.0,15750.0,39610.0,210.0,12858.260619047618,17535.701391846458,0.53,325.0,3100.0,19000.0,49475.0,210.0,8.589690476190476,8.404838662461884,0.07,1.95,4.1,13.0,24.009999999999998,210.0,7.306404761904762,7.5199443938807535,0.0,1.125,3.3499999999999996,11.0,21.990000000000002,210.0,10.510142857142858,10.416055947938968,0.09,2.5,5.449999999999999,15.0,31.09,210.0,6.200928571428571,7.718172783714774,0.01,0.405,2.5625,8.975,20.42,210.0,5.3712857142857136,6.823488090895245,0.0,0.3,1.7,8.35,18.025,210.0,7.070666666666668,8.682981183490778,0.01,0.5525,3.0700000000000003,11.0,23.080000000000002,210.0,691.9032857142857,853.1880472176049,0.26,56.75,210.0,1200.0,2177.0,210.0,566.2777619047619,710.3801517175838,0.0,44.75,150.0,1000.0,1817.0,210.0,788.6947142857142,951.1294444786289,0.29,81.5,240.0,1400.0,2437.0,210.0,74.01428571428572,16.921852062896388,15.0,63.25,79.0,87.0,138.0,210.0,73.85952380952381,16.9439133829554,15.0,63.25,78.5,87.0,139.5,210.0,74.2,16.996495557732448,15.0,64.25,79.0,87.0,138.0
2011,213.0,141.85901408450704,169.82548960697804,0.97,19.0,74.0,207.0,647.5,213.0,73.26591549295775,91.08920072339414,0.4,7.1,34.0,107.0,331.0,213.0,231.72957746478872,272.8925860257832,1.8,34.0,122.0,336.0,1050.0,213.0,16628.759765258215,23668.26309417414,0.62,350.0,3700.0,24000.0,69370.0,213.0,8370.02089201878,11971.180374021289,0.27,160.0,1700.0,12000.0,34730.0,213.0,27276.461971830988,38462.57228725077,1.1,660.0,6500.0,39000.0,113815.0,213.0,12.641408450704226,17.348582370645172,0.0,0.76,3.9,19.0,60.400000000000006,213.0,8.199953051643194,11.218489896765206,0.0,0.58,2.8,12.0,40.435,213.0,17.86544600938967,24.305255282593194,0.0,0.99,5.9,28.0,79.95,213.0,1320.2402816901406,1979.3564663968186,0.0,17.0,210.0,1900.0,5720.0,213.0,879.0091079812207,1302.6732274169597,0.0,9.8,150.0,1200.0,3729.0,213.0,1712.6994366197182,2504.6160909630444,0.0,19.0,240.0,2600.0,6964.0,213.0,1.4394835680751175,2.10070635379394,0.0,0.0,0.09,2.5,5.5,213.0,1.225962441314554,1.5652965957111622,0.0,0.13,0.35,2.2,4.16,213.0,2.4087323943661976,3.101598422167037,0.01,0.26,0.86,3.6,8.495000000000001,213.0,179.35281690140843,266.5481482250743,0.0,0.0,12.0,360.0,675.0,213.0,171.6882159624413,225.49111540588657,0.0,8.399999999999999,41.0,330.0,587.85,213.0,322.3895774647888,411.9600877882237,0.98,22.0,110.0,580.0,1073.0,213.0,104.09323943661973,124.24402259386811,0.76,15.0,52.0,146.0,434.0,213.0,92.44826291079812,109.60361912272094,0.67,13.0,47.0,130.0,382.0,213.0,115.90967136150236,138.79774364155136,0.86,17.0,60.0,164.0,476.0,213.0,11496.231690140845,15735.101276155629,0.47,260.0,3000.0,18000.0,44550.0,213.0,10344.109342723004,14079.539410713991,0.41,230.0,2700.0,15000.0,39610.0,213.0,12723.446995305165,17453.711771311657,0.53,290.0,3100.0,19000.0,49475.0,213.0,8.38194835680751,8.268181571095514,0.08,2.0,4.0,12.0,24.009999999999998,213.0,7.184671361502348,7.406127332236371,0.0,1.2,3.2,11.0,21.990000000000002,213.0,10.272464788732394,10.244321789154462,0.09,2.6,5.1,15.0,31.09,213.0,6.161854460093896,7.697559767852513,0.01,0.41,2.78,9.1,20.42,213.0,5.306901408450703,6.738149469844793,0.0,0.29,1.7,8.1,18.025,213.0,7.027394366197183,8.648183193125302,0.01,0.53,3.2,11.0,23.080000000000002,213.0,696.4225821596244,850.4638518032153,0.26,62.0,220.0,1300.0,2177.0,213.0,564.0511737089203,703.4959650278092,0.0,46.0,160.0,1000.0,1817.0,213.0,792.5858215962442,948.4060745350629,0.28,79.0,260.0,1400.0,2437.0,213.0,73.14788732394366,17.478638114191476,2.0,63.0,79.0,87.0,96.0,213.0,73.04225352112677,17.515036628715208,0.0,63.0,79.0,87.0,96.0,213.0,73.23708920187794,17.55258635397369,2.0,63.0,79.0,87.0,96.0
2012,211.0,139.8452606635071,169.00695322777844,0.95,19.5,67.0,202.0,647.5,211.0,72.35436018957346,91.04522915741819,0.39,8.5,31.0,100.5,331.0,211.0,228.33791469194315,271.4114142657341,1.8,35.5,118.0,327.0,1050.0,211.0,16689.556398104265,23691.52471144054,0.62,375.0,4000.0,23500.0,69370.0,211.0,8398.027156398104,11991.187289655823,0.26,175.0,1700.0,11500.0,34730.0,211.0,27413.34597156398,38531.326343760236,1.1,670.0,6900.0,39000.0,113815.0,211.0,12.310284360189572,17.116474935116422,0.0,0.74,3.5,17.5,60.400000000000006,211.0,7.734668246445497,10.700066872683163,0.0,0.535,2.7,11.0,40.435,211.0,17.616255924170616,24.336734955537807,0.0,0.99,5.7,26.0,79.95,211.0,1319.7949763033175,1976.108176201123,0.0,17.0,220.0,1850.0,5720.0,211.0,857.5706635071092,1284.402898733784,0.0,10.5,170.0,1150.0,3729.0,211.0,1719.8208530805684,2502.39687728961,0.0,19.0,260.0,2700.0,6964.0,211.0,1.4043601895734599,2.072930739459971,0.0,0.0,0.09,2.3,5.5,211.0,1.1740995260663507,1.5386430770710984,0.0,0.05,0.32,2.0,4.16,211.0,2.3404739336492892,3.0912659239238125,0.01,0.23,0.77,3.35,8.495000000000001,211.0,177.7485781990521,264.8138944399351,0.0,0.0,12.0,360.0,675.0,211.0,167.2393838862559,223.03116372274837,0.0,8.45,44.0,305.0,587.85,211.0,317.04123222748814,411.4150408811474,1.0,23.0,89.0,540.0,1073.0,211.0,103.12056872037914,123.98842016459888,0.74,14.5,50.0,146.5,434.0,211.0,90.40075829383885,108.22083903888102,0.65,13.5,43.0,128.0,382.0,211.0,116.3272037914692,139.91250285276487,0.84,16.0,55.0,169.5,476.0,211.0,11558.578957345972,15755.421134969256,0.47,285.0,3100.0,17000.0,44550.0,211.0,10304.455924170617,14047.205782465246,0.41,260.0,2900.0,15000.0,39610.0,211.0,12866.268862559242,17509.443316877823,0.54,330.0,3400.0,19000.0,49475.0,211.0,8.266635071090047,8.17736303721335,0.09,1.95,4.0,11.5,24.009999999999998,211.0,6.9079146919431285,7.23459028440202,0.0,1.2000000000000002,3.2,9.35,21.990000000000002,211.0,10.19718009478673,10.193493944471784,0.1,2.7,4.9,14.5,31.09,211.0,6.107156398104266,7.66282566117215,0.01,0.41,2.6,9.100000000000001,20.42,211.0,5.250379146919431,6.6734678354511585,0.0,0.28,1.7,7.699999999999999,18.025,211.0,6.982274881516588,8.601567965605891,0.01,0.495,3.3,11.0,23.080000000000002,211.0,698.3376777251185,849.6078111249817,0.26,60.0,240.0,1300.0,2177.0,211.0,565.3264928909954,701.6543515408513,0.0,44.0,170.0,995.0,1817.0,211.0,797.9023222748816,949.3187043773933,0.29,72.5,290.0,1500.0,2437.0,211.0,74.18957345971565,17.071267571093355,2.0,66.0,79.0,87.0,110.0,211.0,73.90995260663507,17.072574651640526,0.0,66.0,78.0,87.0,110.0,211.0,74.53554502369668,17.292991067443403,2.0,66.0,79.0,87.0,110.0
2013,210.0,138.1704761904762,168.8195854325246,1.9,18.0,67.0,195.25,647.5,210.0,71.46195238095238,91.28474076301026,0.72,7.05,30.0,99.0,331.0,210.0,225.32619047619048,270.0205449028437,3.4,32.75,116.0,317.75,1050.0,210.0,16703.789666666667,23691.492917850203,0.61,355.0,4100.0,23500.0,69370.0,210.0,8346.646666666667,11961.627547449025,0.25,162.5,1650.0,11750.0,34730.0,210.0,27534.180952380953,38676.81034023447,1.1,652.5,7650.0,40000.0,113815.0,210.0,12.019047619047619,16.764696788751486,0.0,0.8875,3.4,17.0,60.400000000000006,210.0,7.311690476190476,10.250199070276226,0.0,0.54,2.45,10.75,40.435,210.0,17.694333333333333,24.527150014441972,0.0,1.1,5.300000000000001,27.0,79.95,210.0,1317.8511904761904,1979.0330178091924,0.0,17.0,225.0,1925.0,5720.0,210.0,829.5052380952382,1256.6883848155542,0.0,11.0,155.0,1100.0,3729.0,210.0,1746.2921428571428,2533.1157664332677,0.0,19.25,260.0,2650.0,6964.0,210.0,1.367047619047619,2.0442096652780797,0.0,0.0,0.08,2.075,5.5,210.0,1.1053095238095236,1.5032591465317444,0.0,0.07,0.31,1.6,4.16,210.0,2.2997380952380957,3.0816062661997434,0.01,0.2,0.79,3.125,8.495000000000001,210.0,174.14838095238093,261.05928463843344,0.0,0.0,12.0,357.5,675.0,210.0,161.3838095238095,219.78702205518636,0.0,9.15,42.0,280.0,587.85,210.0,314.3204761904762,410.1866683354724,1.0,24.0,77.0,532.5,1073.0,210.0,101.72190476190475,123.26180561563767,1.4,13.0,48.0,144.0,434.0,210.0,88.53000000000002,107.28916034823678,1.3,11.25,42.0,126.25,382.0,210.0,116.36238095238095,140.41038847064053,1.6,14.0,54.5,167.0,476.0,210.0,11529.167952380953,15730.059690185484,0.48,265.0,3300.0,17000.0,44550.0,210.0,10234.275285714284,13994.620857316551,0.42,237.5,2950.0,15000.0,39610.0,210.0,13003.845904761904,17581.056295034246,0.54,312.5,3700.0,19750.0,49475.0,210.0,8.05304761904762,8.088456494697922,0.09,1.9,3.9,11.0,24.009999999999998,210.0,6.642333333333335,7.05266238257692,0.0,1.1325,3.1,9.4,21.990000000000002,210.0,10.166642857142856,10.204844510070183,0.1,2.65,4.75,14.0,31.09,210.0,6.011452380952381,7.620088027102039,0.01,0.3675,2.25,8.9,20.42,210.0,5.129738095238094,6.589049005517139,0.0,0.2575,1.65,7.4,18.025,210.0,6.917833333333334,8.57024736517675,0.01,0.495,3.05,11.0,23.080000000000002,210.0,694.568238095238,851.1912716331951,0.25,48.5,240.0,1275.0,2177.0,210.0,560.3821904761904,703.1843556035031,0.0,41.5,170.0,997.5,1817.0,210.0,796.9689523809523,948.320287777489,0.28,73.0,280.0,1400.0,2437.0,210.0,74.88571428571429,17.656715536994422,2.0,66.0,81.0,87.0,138.0,210.0,74.37380952380953,17.69618751041412,0.0,63.5,80.0,87.0,139.5,210.0,75.38571428571429,17.902013618378735,2.0,66.0,81.5,87.0,138.0
